CANNED FOODS GROCERY OUTLET,2001 FOURTH ST,7/18/2012,0,0,0,0,0
INDIA CHAAT AND SWEETS,824 UNIVERSITY AVE,4/18/2012,1,0,0,1,0
FRANKLIN BROS MARKET,901 BANCROFT WY,6/29/2011,0,0,0,0,0
MILAN,990 UNIVERSITY AVE,3/27/2012,0,0,0,1,0
BOMBAY CUISINE,2010 NINTH ST,11/30/2011,0,0,0,0,0
BERKELEY OIL COMPANY,950 UNIVERSITY AVE,3/28/2012,1,0,0,0,0
GALLEGOS MEXICAN FOOD,2200 SAN PABLO AVE,1/5/2012,0,0,0,1,0
QUINCE CAFE &amp; GRILL,2228 SAN PABLO AVE,1/26/2012,0,0,0,0,0
ST. HELENA WINE CO.,2198 SAN PABLO AVE,1/5/2012,0,0,0,0,0
CHAAT AND CURRIES,2026 SAN PABLO AVE,PENDING,-1,-1,-1,-1,-1
MI RANCHITO BAYSIDE MARKET,2032 SAN PABLO AVE,11/28/2011,0,0,1,1,0
PRIYA SO. &amp; NO. INDIAN CUISINE,2072 SAN PABLO AVE,1/9/2012,0,0,0,1,0
LANESPLITTER PUB,2033 SAN PABLO AVE,1/10/2012,0,0,0,1,0
RAINBOW DONUT,2025 SAN PABLO AVE,11/28/2011,0,0,0,1,0
COUNTRY CHEESE CO.  INC.,2101 SAN PABLO AVE,1/25/2012,0,0,0,0,0
TEMARI,2215 SAN PABLO AVE,5/24/2011,0,0,0,1,0
JACK-IN-THE-BOX,2197 SAN PABLO AVE,2/3/2012,0,0,0,1,0
BERKELEY CHINESE COMM. CHURCH,2117 ACTON ST,9/14/2011,0,0,0,0,0
M AND H MARKET,3198 ADELINE ST,1/5/2012,0,0,0,0,0
SOBER INC.DBA NO. BEACH PIZZA,1598 UNIVERSITY AVE,7/23/2012,0,0,0,0,0
UNIVERSITY CHEVRON,1500 UNIVERSITY AVE,2/9/2012,0,0,0,0,0
UNIVERSITY PRODUCE,1700 UNIVERSITY AVE,6/20/2012,0,0,0,0,0
RAINBOW RANCH CAFE,2080 M L KING JR WY,7/27/2012,0,0,0,0,0
NATION'S,1800 UNIVERSITY AVE,6/20/2012,1,0,0,0,0
LEE'S DELI,2116 SHATTUCK AVE,5/23/2012,0,0,0,0,0
NUHA CAFE,2115 MILVIA ST,3/26/2012,0,0,0,0,0
GECKO-GECKO THAI-CALIF. EATERY,2101 MILVIA ST,2/21/2012,1,0,0,1,0
FREIGHT &amp; SALVAGE COFFEE HOUSE,2020 ADDISON ST,PENDING,-1,-1,-1,-1,-1
NEW AMSTERDAM COFFEE SHOP,1952 UNIVERSITY AVE,7/6/2012,0,0,0,0,0
EVE,1960 UNIVERSITY AVE,4/19/2011,0,0,0,0,0
NEW CHINA EXPRESS,2024 SHATTUCK AVE,PENDING,-1,-1,-1,-1,-1
AU COQUELET,2000 UNIVERSITY AVE,7/24/2012,1,0,0,0,0
CAFE PLATANO PARTNERSHIP,2042 UNIVERSITY AVE,7/23/2012,1,0,0,1,0
TULLY'S COFFEE,2150 SHATTUCK AVE,2/1/2012,0,0,0,1,0
PEKING EXPRESS,2068 CENTER ST,2/6/2012,0,0,0,1,0
LOX  STOCK AND BAGEL,2043 ALLSTON WY,7/23/2012,1,0,0,0,0
PINTOH,2270 SHATTUCK AVE,3/15/2012,0,0,0,0,0
U A CINEMA'S 5,2274 SHATTUCK AVE,5/7/2012,0,0,0,0,0
SUMO GRUB,2235 MILVIA ST,3/19/2012,0,0,0,1,0
BERKELEY TOUCHLESS CAR WASH,2176 KITTREDGE ST,4/6/2012,0,0,0,0,0
LITTLE PLEARN THAI KITCHEN,2283 SHATTUCK AVE,4/25/2012,0,0,0,1,0
BECKETT'S,2271 SHATTUCK AVE,PENDING,-1,-1,-1,-1,-1
CANCUN TAQUERIA,2134 ALLSTON WY # A,4/4/2012,0,0,0,0,0
GREAT CHINA,2115 KITTREDGE ST,10/12/2011,0,0,0,0,0
STARBUCKS COFFEE #9217,2128 OXFORD ST,5/7/2012,0,0,0,0,0
ALBORZ RESTAURANT,2142 CENTER ST,2/7/2012,0,0,0,1,0
PANINI,2115 ALLSTON WY,5/23/2012,1,0,0,1,0
WALGREENS #3127,2187 SHATTUCK AVE,6/1/2012,0,0,0,0,0
THE JUPITER,2181 SHATTUCK AVE,5/23/2012,1,0,0,1,0
PIE IN THE SKY,2124 CENTER ST,PENDING,-1,-1,-1,-1,-1
BEN &amp; JERRY'S ICE CREAM,2130 CENTER ST,4/19/2012,0,0,0,0,0
ARINEL PIZZA,2109 SHATTUCK AVE,7/10/2012,1,0,0,0,0
POLLO,100 BERKELEY SQ,5/22/2012,1,0,0,0,0
SUSHI KO,64 SHATTUCK SQ,3/23/2012,0,0,0,1,0
LA ROSE RESTAURANT,2037 SHATTUCK AVE,8/23/2011,0,0,0,0,0
ICHIBAN RESTAURANT,2017 SHATTUCK AVE,6/11/2012,1,0,0,1,0
PEOPLE'S COFFEE &amp; TEA,2015 SHATTUCK AVE,5/10/2012,1,0,0,0,0
BERKELEY HARDWARE INC.,2145 UNIVERSITY AVE,12/27/2011,0,0,0,0,0
CREPES A-GO-GO,2125 UNIVERSITY AVE,8/9/2011,0,0,0,1,0
CAFE VALPARAISO,3105 SHATTUCK AVE,6/1/2012,0,0,0,0,0
STARRY PLOUGH,3101 SHATTUCK AVE,6/3/2011,0,0,0,0,0
BISTRO LIASION,1849 SHATTUCK AVE STE 101,1/10/2012,0,0,0,1,0
TRIPLE ROCK BREWERY,1920 SHATTUCK AVE,1/5/2012,0,0,0,0,0
SOL Y LUNA,1926 SHATTUCK AVE,3/8/2012,0,0,0,0,0
THAI NOODLE,1936 SHATTUCK AVE,7/23/2012,1,0,0,0,0
MCDONALD'S,1998 SHATTUCK AVE,4/23/2012,0,0,0,0,0
TURKISH KITCHEN INC.,1984 SHATTUCK AVE,7/16/2012,0,0,0,0,0
TAIWAN RESTAURANT,2071 UNIVERSITY AVE,5/2/2012,0,0,0,0,0
ANH HONG-BO 7 MON RESTAURANT,2067 UNIVERSITY AVE,3/23/2012,0,0,0,0,0
RED TOMATO PIZZA HOUSE,2017 UNIVERSITY AVE,2/9/2012,0,0,0,1,0
NORTH BERKELEY SENIOR CENTER,1901 HEARST AVE,4/5/2012,0,0,0,0,0
ATHINEON,1941 UNIVERSITY AVE A,4/4/2012,0,0,0,1,0
FRED'S MARKET #2,1929 UNIVERSITY AVE,4/9/2012,0,0,0,0,0
UDUPI PALACE,1901-03 UNIVERSITY AVE,3/8/2012,0,0,0,1,0
TRADER JOE'S,1885 UNIVERSITY AVE,6/20/2012,0,0,0,1,0
VENEZIA CAFFE AND RESTAURANTE,1799 UNIVERSITY AVE,2/23/2012,0,0,0,0,0
LITTLE SAIGON RESTAURANT,1717-A UNIVERSITY AVE,5/4/2012,0,0,0,0,0
#1 GAS,1900 M L KING JR WY,3/30/2012,0,0,0,0,0
SPUN SUGAR,1611 UNIVERSITY AVE,6/5/2012,0,0,0,1,0
THREE STONE HEARTH COMM. KITCHEN,1581 UNIVERSITY AVE,11/21/2011,0,0,0,0,0
7-ELEVEN/1501UNIV,1501 UNIVERSITY AVE,3/20/2012,0,0,0,0,0
FELLINI RISTORANTE,1401 UNIVERSITY AVE,6/1/2011,0,0,0,1,0
LEDGER'S LIQUOR,1399 UNIVERSITY AVE,7/26/2012,0,0,0,0,0
THE SMOKEHOUSE,3115 TELEGRAPH AVE,7/19/2012,1,0,0,0,0
BERKELEY FOSTER FREEZE,1199 UNIVERSITY AVE,3/26/2012,0,0,0,0,0
SIAM CUISINE,1181 UNIVERSITY AVE,4/7/2011,0,0,0,0,0
EVERETT &amp; JONES BARBECUE,1955 SAN PABLO AVE,7/23/2012,0,0,0,0,0
BING'S LIQUOR,1801 SAN PABLO AVE,12/14/2011,0,0,0,0,0
THE SPANISH TABLE,1814 SAN PABLO AVE,1/10/2012,0,0,0,0,0
THE ALBATROSS,1822 SAN PABLO AVE,8/11/2011,0,0,0,0,0
INDUS FOOD CENTER,1920 SAN PABLO AVE,4/16/2012,0,0,0,0,0
HALAL FOOD MARKET,1964 SAN PABLO AVE,8/11/2011,0,0,0,0,0
DAVE'S UNION 76,849 UNIVERSITY AVE,3/29/2012,0,0,0,1,0
NUT TREE GAS INC. STORE #833,833 UNIVERSITY AVE,PENDING,-1,-1,-1,-1,-1
CHOCOLATIER BLUE PATISSERIE,1809 FOURTH ST A,6/28/2012,0,0,0,0,0
SPENGER'S,1919 FOURTH ST,10/6/2011,0,0,0,1,0
SUR LA TABLE,1808 FOURTH ST,6/28/2012,0,0,0,0,0
TEANCE FINE TEAS,1780 4TH ST,6/25/2012,0,0,0,0,0
FRED FINCH YOUTH HOUSE,3404 KING ST,4/12/2012,0,0,0,1,0
MANHATTAN BAGEL,1789 FOURTH ST,6/25/2012,0,0,0,0,0
BAHIA,1718 8TH ST,10/25/2011,0,0,0,0,0
CAFE LEILA,1724 SAN PABLO AVE,12/14/2011,1,0,0,0,0
POPEYES CHICKEN &amp; BISCUITS,1775 SAN PABLO AVE,4/27/2011,1,0,0,0,0
BERKELEY FOOD PANTRY,1600 SACRAMENTO ST,7/13/2011,0,0,0,1,0
CEDAR MARKET,1601 CALIFORNIA ST,1/10/2012,0,0,0,0,0
STAR GROCERY,3068 CLAREMONT AVE,3/19/2012,0,0,0,0,0
GUERILLA CAFE,1620 SHATTUCK AVE,2/7/2012,1,0,0,0,0
DA LIAN RESTAURANT,1674 SHATTUCK AVE,5/17/2012,0,0,0,0,0
VIRGINIA BAKERY,1690 SHATTUCK AVE,7/3/2012,0,0,0,1,0
TASTE OF THE HIMALAYAS,1700 SHATTUCK AVE 101,7/26/2012,0,0,0,0,0
CAFE GRATITUDE,1730 SHATTUCK AVE,6/14/2012,0,0,0,0,0
BERKELEY FARMERS MARKET,0 FARMERS MKT - SHATTUCK AVE,PENDING,-1,-1,-1,-1,-1
USCA-CENTRAL KITCHEN,2424 RIDGE RD,5/9/2012,0,0,0,0,0
LE PETIT MARKET,2509 HEARST AVE,1/4/2012,0,0,0,0,0
CELIA'S MEXICAN RESTAURANT,1841 EUCLID AVE,6/18/2012,0,0,0,1,0
THE STUFFED INN,1829 EUCLID AVE,6/15/2012,0,0,0,1,0
SEVEN PALMS FOOD CENTER,1801 EUCLID AVE,6/13/2012,0,0,0,0,0
COLLEGE AVE. WINE &amp; SPIRITS,3179 COLLEGE AVE,5/29/2012,0,0,0,0,0
GREGOIRE'S,2109 CEDAR ST,4/26/2012,0,0,0,0,0
DARA THAI/LAO CUISINE,1549 SHATTUCK AVE,12/12/2011,0,0,0,0,0
CHA AM,1543 SHATTUCK AVE,7/26/2012,0,0,0,0,0
CHEZ PANNISSE,1517 SHATTUCK AVE,3/27/2012,0,0,0,0,0
CESAR,1515 SHATTUCK AVE,12/13/2011,0,0,0,0,0
SOOP,1511 SHATTUCK AVE A,5/21/2012,0,0,0,0,0
JEWISH COMM.CTR OF THE EASTBAY,1414 WALNUT ST,PENDING,-1,-1,-1,-1,-1
CVS PHARMACY,1451 SHATTUCK AVE,6/8/2012,0,0,0,0,0
SAUL'S RESTAURANT,1475 SHATTUCK AVE,11/8/2011,0,0,0,0,0
TOYO,1463 SHATTUCK AVE,3/13/2012,0,0,0,0,0
MITAMA,3201-07 COLLEGE AVE,5/21/2012,1,0,0,1,0
VEGI FOOD,2085 VINE ST,5/10/2012,0,0,0,0,0
FRENCH HOTEL CAFE,1540 SHATTUCK AVE,2/16/2012,0,0,0,1,0
ANDRONICO'S PARK &amp; SHOP,1550 SHATTUCK AVE,5/24/2011,0,0,0,0,0
THE ACME BREAD CO.,1601 SAN PABLO AVE,1/20/2012,0,0,0,0,0
SAN PABLO MINI-MART,1580 SAN PABLO AVE,1/11/2012,0,0,0,0,0
JIMMY BEAN'S CATERING,1451 FIFTH ST,9/14/2011,0,0,1,1,0
BLESSED GARDEN RESTAURANT,1428 SAN PABLO AVE,8/2/2011,0,0,0,1,0
GEORGE CATERING SERVICES,701 PAGE ST,7/13/2011,0,0,0,1,0
PICANTE TAQUERIA,1328 SIXTH ST,10/31/2011,0,0,0,1,0
DELTAN DIVERSIFIED INC,1300 SAN PABLO AVE,PENDING,-1,-1,-1,-1,-1
CHIPOTLE MEXICAN GRILL,1050 GILMAN ST,11/3/2011,0,0,0,0,0
CHURCH'S FRIED CHICKEN,1200 SAN PABLO AVE,11/30/2011,0,0,0,1,0
TOKYO FISH MARKET,1220 SAN PABLO AVE,1/26/2012,0,0,1,0,0
HAPPY DONUTS,1041 GILMAN ST,6/27/2011,0,0,0,1,0
STUDIO GROW LLC,1235 TENTH ST,7/9/2012,0,0,0,0,0
PYRAMID ALE HOUSE,901 GILMAN ST,4/19/2012,2,0,0,1,0
JIMMY BEANS,1290 SIXTH ST,6/25/2012,1,0,0,1,0
MCDONALD'S,1198 SAN PABLO AVE,11/30/2011,0,0,0,0,0
COFFEE CONSCIOUS,1312 GILMAN ST,PENDING,-1,-1,-1,-1,-1
TEA FRAGRANCE HOUSE,1301 SAN PABLO AVE,7/16/2012,0,0,0,1,0
CHEVRON #306143,1399 SAN PABLO AVE,5/12/2011,0,0,0,0,0
LA PALMITA,1335 SAN PABLO AVE,1/17/2012,0,0,0,1,0
ASHKENAZ MUSIC &amp; DANCE COMM.,1317 SAN PABLO AVE,2/7/2012,0,0,0,0,0
MEAL TICKET,1235 SAN PABLO AVE,2/29/2012,0,0,0,0,0
SABUY SABUY II,1233 SAN PABLO AVE,2/7/2012,1,0,0,1,0
BERKELEY BAGELS CORP.,1281 GILMAN ST,5/31/2011,0,0,0,1,0
TOOT SWEET BAKERY &amp; DONUT,1277 GILMAN ST,7/17/2012,0,0,0,0,0
LALIME'S,1329 GILMAN ST,9/19/2011,0,0,0,1,0
BERKELEY NATURAL GROCERY CO.,1330 GILMAN ST,PENDING,-1,-1,-1,-1,-1
ESPRESSO ROMA,1549 HOPKINS ST,3/1/2012,0,0,0,1,0
A.G. FERRARI FOODS,2905 COLLEGE AVE,8/30/2011,0,0,0,1,0
SWEET DREAMS,2901 COLLEGE AVE,1/12/2012,0,0,0,0,0
MAGNANI POULTRY,1576 HOPKINS ST,5/14/2012,0,0,0,1,0
COUNTRY CHEESE COFFEE MARKET,1578 HOPKINS ST 7000,9/22/2011,0,0,0,0,0
LILLY'S RESTAURANT,1580 HOPKINS ST 7000,2/22/2012,1,0,0,0,0
MONTEREY FISH MARKET,1582 HOPKINS ST 7000,4/10/2012,0,0,0,0,0
HOPKINS STREET BAKERY,1584 HOPKINS ST,1/4/2012,1,0,0,1,0
MONTEREY LIQUORS,1590 HOPKINS ST,PENDING,-1,-1,-1,-1,-1
FAT APPLE'S INC.,1346 M L KING JR WY,1/30/2012,0,0,0,0,0
ROSE &amp; GROVE MARKET,1343 M L KING JR WY,5/8/2012,0,0,0,0,0
KING YEN,2995 COLLEGE AVE,5/21/2012,1,0,0,1,0
FAR LEAVES TEA,2979 COLLEGE AVE,7/18/2011,0,0,0,0,0
MARC 49,2985 COLLEGE AVE,7/27/2011,0,0,0,0,0
GORDO TAQUERIA,2989 COLLEGE AVE,4/4/2012,0,0,0,0,0
TRATTORIA LA SICILLIAN,2993 COLLEGE AVE,7/27/2011,0,0,0,0,0
SUMMER KITCHEN,2944 COLLEGE AVE,4/3/2012,0,0,0,0,0
LA MEDITERRANEE,2936 COLLEGE AVE,7/17/2012,1,0,0,0,0
HANA JAPAN STEAK HOUSE,235 UNIVERSITY AVE,1/31/2012,0,0,0,1,0
DOUBLETREE,200 MARINA BLVD,3/26/2012,0,0,0,0,0
A Z MARKET,1279 ALCATRAZ AVE,1/27/2012,0,0,0,0,0
RIALTO THEATERS,2964 COLLEGE AVE,4/25/2012,0,0,0,0,0
ASHBY MARKET PLACE,2642 ASHBY AVE,5/14/2012,0,0,0,0,0
XTRA OIL CO/CHEVRON,1201 THE ALAMEDA,9/19/2011,0,0,0,0,0
ESPRESSO ROMA,2960 COLLEGE AVE,5/14/2012,1,0,0,0,0
ALTA BATES FOOD SERVICE,2450 ASHBY AVE,1/27/2012,0,0,0,0,0
KIRIN RESTAURANT,1767 SOLANO AVE,7/25/2012,1,0,0,1,0
NOAH'S BAGELS,1883 SOLANO AVE,3/12/2012,0,0,0,0,0
CACTUS TACQUERIA SOLANO,1881 SOLANO AVE,5/16/2012,0,0,0,0,0
ZACHARY'S CHICAGO PIZZA,1853 SOLANO AVE,2/15/2012,0,0,0,0,0
A.G. FERRARI FOODS,1843 SOLANO AVE,PENDING,-1,-1,-1,-1,-1
NATURE'S EXPRESS,1823 SOLANO AVE,4/2/2012,0,0,0,1,0
SOLANO UNOCAL,1830 SOLANO AVE,1/18/2012,0,0,0,0,0
SWEET BASIL,1734 SOLANO AVE,5/9/2012,1,0,0,0,0
MOKKA,3075 TELEGRAPH AVE,7/19/2012,0,0,0,0,0
RIVOLI RESTAURANT,1539 SOLANO AVE,11/2/2011,0,0,0,0,0
VANESSA'S BISTRO,1715 SOLANO AVE,11/28/2011,0,0,0,0,0
KING TSIN,1699 SOLANO AVE,3/19/2012,0,0,0,1,0
MIYUKI JAPANESE RESTAURANT,1695 SOLANO AVE,6/11/2012,0,0,0,0,0
SUSHI 29,1647 SOLANO AVE,3/9/2012,0,0,0,0,0
GENJI SUSHI,3000 TELEGRAPH AVE,3/22/2012,0,0,0,0,0
WHOLE FOODS MARKET,3000 TELEGRAPH AVE,3/22/2012,0,0,0,0,0
ASHBY CARE CENTER,2270 ASHBY AVE,7/9/2012,0,0,0,0,0
CHEVRON STATION,2996 TELEGRAPH AVE,10/26/2011,0,0,0,0,0
BERKELEY PINES,2223 ASHBY AVE,7/11/2012,0,0,0,0,0
ROXIE FOOD CENTER,2999 SHATTUCK AVE,1/24/2012,0,0,0,0,0
XTRA OIL CO/CHEVRON,2996 SHATTUCK AVE,1/6/2012,0,0,0,0,0
U.S. SMOG &amp; GAS,3000 SHATTUCK AVE,1/6/2012,0,0,0,0,0
BLACK &amp; WHITE LIQUOR,3027 ADELINE ST,1/25/2012,0,0,0,0,0
ST PAUL AFRICAN METHODIST,2024 ASHBY AVE,4/24/2012,0,0,0,0,0
BERKELEY TENNIS CLUB,1 TUNNEL RD,5/24/2012,0,0,0,0,0
CLAREMONT CHEVRON,3048 ASHBY AVE,7/25/2012,0,0,0,0,0
FLACOS,3031 ADELINE ST,1/25/2012,0,0,0,0,0
SOUTH BERKELEY SENIOR CENTER,2939 ELLIS ST,4/12/2012,0,0,0,0,0
DE AFGHANAN KABOB HOUSE,1160 UNIVERSITY AVE,6/15/2011,1,0,0,1,0
LA BEDAINE,1585 SOLANO AVE,4/3/2012,0,0,0,0,0
LA QUINTA,920 UNIVERSITY AVE,3/29/2012,0,0,0,0,0
LITTLE HUNAN,124-125 BERKELEY SQ,3/26/2012,0,0,0,0,0
WEST COAST PIZZA,1706 UNIVERSITY AVE,6/20/2012,0,0,0,0,0
VALERO,1894 UNIVERSITY AVE,2/3/2012,0,0,0,0,0
SUSHI CALIFORNIA,2033 M L KING JR WY,7/11/2012,0,0,0,0,0
CAFE RIO,2146 CENTER ST,2/28/2012,1,0,0,1,0
JIMMY SHAMIEH,2399 TELEGRAPH AVE,PENDING,-1,-1,-1,-1,-1
CAFE ZESTE,1250 ADDISON ST 109,6/29/2011,0,0,0,1,0
CHAPARRAL FOUNDATION NURSING,1309 ALLSTON WY,6/18/2012,0,0,0,0,0
LUTHERAN CHURCH OF THE CROSS,1744 UNIVERSITY AVE,4/18/2012,0,0,0,1,0
LA VILLA 1 (COMMISSARY),2434 SAN PABLO AVE,PENDING,-1,-1,-1,-1,-1
UNIVERSITY SHELL,1250 UNIVERSITY AVE,7/26/2012,0,0,0,0,0
BERKELEY PRODUCE CENTER,1500 SHATTUCK AVE,11/7/2011,0,0,0,0,0
BOMBAY SPICE HOUSE,1036 UNIVERSITY AVE,3/28/2012,0,0,0,0,0
REI,1338 SAN PABLO AVE,1/11/2012,0,0,0,0,0
GENKI JAPANESE RESTAURANT,1610 SAN PABLO AVE,3/27/2012,0,0,0,1,0
CAFÉ' FANNY,1603 SAN PABLO AVE,PENDING,-1,-1,-1,-1,-1
99C ONLY STORES,1941 SAN PABLO AVE,7/13/2011,0,0,0,0,0
MARINA LIQUORS,1265 UNIVERSITY AVE,7/26/2012,0,0,0,0,0
YOUR PLACE THAI CUISINE,1267 UNIVERSITY AVE,6/27/2011,1,0,0,0,0
BANGKOK THAI CUISINE,1459 UNIVERSITY AVE,7/23/2012,0,0,0,1,0
MEHAK INDIAN CUISINE,2449 SACRAMENTO ST,6/4/2012,0,0,0,1,0
THE HOMEMADE CAFE,2454 SACRAMENTO ST,7/18/2011,0,0,1,1,0
LOCAL 123 CAFE,2049 SAN PABLO AVE,11/21/2011,0,0,0,0,0
LUCA CUCINA ITALIANA,2057 SAN PABLO AVE,1/5/2012,0,0,0,0,0
ACME BAR,2115 SAN PABLO AVE,12/14/2011,0,0,0,1,0
KABANA RESTAURANT,1106 UNIVERSITY AVE,6/18/2012,0,0,0,1,0
ANDRONICO'S PARK &amp; SHOP,1414 UNIVERSITY AVE,PENDING,-1,-1,-1,-1,-1
BOMBAY MUSIC.COM,2000 SAN PABLO AVE,12/14/2011,0,0,0,0,0
MIDDLE EAST MARKET,2054 SAN PABLO AVE,1/25/2012,0,0,0,1,0
LITTLE PABLO TAQUERIA,2056 SAN PABLO AVE,8/17/2011,1,0,0,1,0
MI TIERRA FOODS #2,2082 SAN PABLO AVE,1/24/2012,0,0,0,1,0
U.S. LIQUOR,2997 SACRAMENTO ST,3/12/2012,0,0,0,0,0
FOOD TOWN MARKET,3049 SACRAMENTO ST,6/14/2012,0,0,0,0,0
HIMALAYAN FLAVORS,1585 UNIVERSITY AVE,12/12/2011,0,0,1,0,0
EDOKO JAPANESE RESTAURANT,1722 UNIVERSITY AVE,4/18/2012,0,0,0,0,0
BAZAAR OF INDIA,1810 UNIVERSITY AVE,4/18/2012,0,0,0,0,0
DOMINO'S PIZZA,3219 ADELINE ST,8/12/2011,0,0,0,0,0
LAS PALMAS,3221 ADELINE ST,7/18/2012,1,0,0,1,0
NICK'S LOUNGE,3218 ADELINE ST,11/16/2011,0,0,0,0,0
J &amp; B FINE FOODS,3242 ADELINE ST,3/30/2012,0,0,0,1,0
LHASA KARNAK HERB CO.,1938 SHATTUCK AVE,1/5/2012,0,0,0,0,0
EVERGREEN DELI &amp; JUICE BAR,1951 SHATTUCK AVE,6/15/2012,0,0,0,0,0
ZATAR,1981 SHATTUCK AVE,7/11/2012,0,0,0,0,0
BRAZIL FRESH SQUEEZED,1983 SHATTUCK AVE,5/2/2012,0,0,0,0,0
PLEARN THAI RESTAURANT,1923 UNIVERSITY AVE,5/21/2012,0,0,0,1,0
ESPRESSO ROMA/C'EST CAFÉ,2490 BANCROFT WY,6/4/2012,1,0,0,0,0
SAN FRANCISCO SOUP CO.,2512 BANCROFT WY,6/4/2012,0,0,0,0,0
JAMBA JUICE,2514 BANCROFT WY,4/23/2012,0,0,0,0,0
FAT NATE INC. DBA YOGURTLAND,2516 BANCROFT WY,4/3/2012,0,0,0,0,0
INDIAN FLAVOR EXPRESS,2548 BANCROFT WY,4/3/2012,1,0,0,0,0
MOCCACINO CAFE,2552 BANCROFT WY,4/16/2012,0,0,0,0,0
SFOOF'S WOOFLE CAFE,2554 BANCROFT WY,PENDING,-1,-1,-1,-1,-1
JULIE'S HEALTHY CAFE,2562 BANCROFT WY,4/23/2012,2,0,0,1,0
CAFE STRADA,2300 COLLEGE AVE,2/24/2012,1,0,0,0,0
CREATIVE LIVING CENTER,2340 DURANT AVE,5/4/2012,0,0,0,0,0
MICHELLE'S YOGURT &amp; SWEETS,2430 DURANT AVE,4/17/2012,0,0,0,0,0
SWEETHEART CAFE &amp; TEA,2523 DURANT AVE,4/3/2012,1,0,0,1,0
LA BURITTA,2530 DURANT AVE,11/4/2011,1,0,0,1,0
GIANT BONGO BURGER,2505 DWIGHT WY,5/9/2012,0,0,0,0,0
WALGREENS #10045,2310 TELEGRAPH AVE,5/21/2012,0,0,0,0,0
BLONDIE'S,2340 TELEGRAPH AVE,1/11/2012,0,0,0,1,0
NOAH'S BAGELS,2344 TELEGRAPH AVE,3/27/2012,0,0,0,1,0
SMART ALEC'S,2355 TELEGRAPH AVE,7/10/2012,1,0,0,1,0
TAKO SUSHI,2379 TELEGRAPH AVE,6/27/2012,0,0,0,1,0
RALEIGH'S,2438 TELEGRAPH AVE,10/26/2011,1,0,0,0,0
CAFE INTERMEZZO,2442 TELEGRAPH AVE,10/26/2011,0,0,0,0,0
ANN'S KITCHEN,2498 TELEGRAPH AVE,6/18/2012,1,0,0,0,0
BERKELEY REPERTORY THEATRE,2015 ADDISON ST,PENDING,-1,-1,-1,-1,-1
HOT CUP,2107 ADDISON ST,7/29/2011,0,0,0,0,0
GRUB-N-GO,2109 ALLSTON WY,4/20/2012,1,0,0,1,0
SATURN CAFE,2175 ALLSTON WY,2/27/2012,2,0,0,1,0
LITTLE MANDARIN,139 BERKELEY SQ,6/14/2012,1,0,0,0,0
OASIS GRILL,2114 CENTER ST,5/22/2012,1,0,0,0,0
SPORTIVO,2142 CENTER ST,4/26/2012,1,0,0,1,0
QUIZNO'S SUB,2144 CENTER ST,6/14/2012,0,0,0,0,0
BAGEL STREET CAFE,2148 CENTER ST,5/22/2012,1,0,0,0,0
CU JAPANESE FUSION,2152 CENTER ST,6/14/2012,0,0,0,0,0
BONGO BURGER,2154 CENTER ST,5/3/2012,0,0,0,0,0
BARTLETTE'S ORGANIC COFFEE,2020 KITTREDGE ST,PENDING,-1,-1,-1,-1,-1
BIRYANI HOUSE,2011 SHATTUCK AVE,1/6/2012,1,0,0,1,0
K P DELI,2012 SHATTUCK AVE,4/5/2012,0,0,0,1,0
YU-YING GARDEN,2025 SHATTUCK AVE,4/4/2012,1,0,0,1,0
SAIGON EXPRESS,2045 SHATTUCK AVE,7/29/2011,1,0,0,1,0
GELATERIA NAIA,2106 SHATTUCK AVE,4/9/2012,0,0,0,0,0
TAPIOCA EXPRESS,2110 SHATTUCK AVE,5/10/2012,0,0,0,0,0
ALMARE,2170 SHATTUCK AVE,3/5/2012,0,0,0,0,0
ALLSTAR CAFE,2172 SHATTUCK AVE,8/10/2011,1,0,0,1,0
PLANET JUICE,2205 SHATTUCK AVE,4/22/2011,0,0,0,1,0
E-Z STOP DELI,2233 SHATTUCK AVE,6/28/2012,1,0,0,1,0
BURGER MEISTER,2237 SHATTUCK AVE,6/28/2012,0,0,0,0,0
PEET'S COFFEE &amp; TEA/2257SHAT,2257 SHATTUCK AVE,5/3/2012,0,0,0,0,0
THE SHATTUCK LOUNGE,2284 SHATTUCK AVE,PENDING,-1,-1,-1,-1,-1
LA NOTE,2377 SHATTUCK AVE,7/26/2012,0,0,0,0,0
TUK TUK THAI CAFE,2468 SHATTUCK AVE,3/21/2012,1,0,0,1,0
SUBWAY SANDWICHES,92 SHATTUCK SQ,3/16/2012,1,0,0,0,0
CHAAT CAFE,1902 UNIVERSITY AVE,7/2/2012,1,0,0,1,0
CHOCOLATIER BLUE,1964 UNIVERSITY AVE,7/2/2012,0,0,0,0,0
SLOW RESTAURANT,1966 UNIVERSITY AVE,7/24/2012,1,0,0,1,0
CAFE TIBET,2020 UNIVERSITY AVE,2/8/2012,0,0,0,0,0
JAYAKARTA RESTAURANT,2026 UNIVERSITY AVE,7/24/2012,0,0,0,0,0
MERIDIAN INT'L SPORTS CAFE,2050 UNIVERSITY AVE,PENDING,-1,-1,-1,-1,-1
RYOWA NOODLE HOUSE,2068 UNIVERSITY AVE,7/26/2012,1,0,0,1,0
BOBBY G'S PIZZERIA,2074 UNIVERSITY AVE,5/14/2012,0,0,0,0,0
LUCKY HOUSE,2140 UNIVERSITY AVE,4/4/2012,0,0,0,1,0
MUSASHIYA CORPORATION,2126 DWIGHT WY,4/5/2012,0,0,0,0,0
BERKELEY EMERGENCY FOOD &amp; HOUSING,2140 DWIGHT WY,4/2/2012,0,0,0,0,0
FRAUSTO'S RESTAURANT,2504 SHATTUCK AVE,5/9/2012,1,0,0,1,0
ROXIE FOOD CENTER,2250 DWIGHT WY,4/2/2012,0,0,0,0,0
PEET'S COFFEE &amp; TEA/TEL,2501 TELEGRAPH AVE,3/28/2012,0,0,0,0,0
RACHA CAFE,2516 TELEGRAPH AVE,7/16/2012,0,0,0,0,0
FRED'S MARKET,2521 TELEGRAPH AVE,7/16/2012,0,0,0,0,0
PHO K &amp; K,2533 TELEGRAPH AVE,7/16/2012,0,0,0,0,0
PASTA BENE,2565 TELEGRAPH AVE,7/23/2012,0,0,0,0,0
SUBWAY SANDWICHES AND SALADS,2618 TELEGRAPH AVE,8/9/2011,0,0,0,0,0
SCONEHENGE BAKERY CAFE,2787 SHATTUCK AVE,7/5/2012,2,0,0,1,0
ROCKY'S HAMBURGERS &amp; CHEESETEA,2929 SHATTUCK AVE,7/10/2012,0,0,0,0,0
TAQUERIA LA FAMILIA,2971 SHATTUCK AVE,7/11/2012,1,0,0,1,0
EMILIA'S,2995 SHATTUCK AVE,3/15/2012,0,0,0,0,0
DREAM FLUFF DONUTS,2637 ASHBY AVE,5/21/2012,0,0,0,0,0
ELMWOOD CAFE,2900 COLLEGE AVE,7/9/2012,0,0,0,0,0
SHEN HUA,2914 COLLEGE AVE,5/3/2012,1,0,0,1,0
FILIPPO'S PASTARIA,2930 COLLEGE AVE,6/13/2012,2,0,0,1,0
ICI ICE CREAM,2948 COLLEGE AVE,4/3/2012,0,0,0,0,0
TAI-SAN RESTAURANT,2811 TELEGRAPH AVE,7/23/2012,1,0,0,1,0
ETHIOPIA RESTAURANT,2955 TELEGRAPH AVE,2/29/2012,0,0,0,0,0
COFFEE SACK,2701 COLLEGE AVE,7/9/2012,0,0,0,0,0
DERBY FOOD CENTER,2707 COLLEGE AVE,7/10/2012,0,0,0,1,0
BEANERY,2925 COLLEGE AVE,5/15/2012,0,0,0,0,0
THE BREAD GARDEN,2912 DOMINGO AVE,5/24/2012,0,0,0,1,0
PEET'S COFFEE &amp; TEA/DOM,2916 DOMINGO AVE,5/30/2012,0,0,0,0,0
RICK &amp; ANN'S INC.,2922 DOMINGO AVE,5/22/2012,1,0,0,0,0
NABOLOM,2708 RUSSELL ST,4/19/2012,0,0,0,1,0
SEMIFREDDI'S,3084 CLAREMONT AVE,3/19/2012,0,0,0,0,0
HOLY LAND,2965 COLLEGE AVE,4/4/2012,0,0,0,1,0
MANPUKU,2977 COLLEGE AVE,4/19/2012,0,0,0,1,0
TARA'S ORGANIC ICE CREAM,3173 COLLEGE AVE,4/19/2012,0,0,0,0,0
POWELL'S SWEET SHOPPE,3206 COLLEGE AVE,5/29/2012,0,0,0,0,0
TINY THAI,1316 GILMAN ST,5/25/2011,0,0,0,1,0
PIC 'N PAC LIQUORS,1296 SAN PABLO AVE,1/11/2012,0,0,0,0,0
TAQUERIA TALAVERA,1561 SOLANO AVE,4/2/2012,0,0,0,0,0
BARNEY'S,1591 SOLANO AVE,5/15/2012,0,0,0,1,0
LIU'S KITCHEN,1593 SOLANO AVE,5/3/2012,0,0,0,0,0
KYOTO,1599 SOLANO AVE,2/7/2012,0,0,0,0,0
SUBWAY RESTAURANT,1615 SOLANO AVE,6/11/2012,0,0,0,0,0
EVEREST CAFE,1645 SOLANO AVE,2/7/2012,0,0,0,0,0
TANGERINE,1707 SOLANO AVE,6/11/2012,0,0,0,0,0
THE XOCOLATE BAR,1709 SOLANO AVE,7/26/2012,0,0,0,0,0
STARBUCKS COFFEE #570,1799 SOLANO AVE,6/6/2012,0,0,0,0,0
PEET'S COFFEE &amp; TEA/SOL,1825 SOLANO AVE,3/12/2012,0,0,0,0,0
AJANTA RESTAURANT,1888 SOLANO AVE,3/1/2012,0,0,1,1,0
BANGKOK JAM,1892 SOLANO AVE,3/15/2012,0,0,0,0,0
JERUSALEM ORGANIC KITCHEN,1897 SOLANO AVE,2/29/2012,0,0,0,1,0
GIOIA PIZZERIA,1586 HOPKINS ST,6/12/2012,0,0,0,0,0
SAFEWAY STORE #691,1444 SHATTUCK AVE,7/12/2011,0,0,0,0,0
MASSE'S PASTRIES,1469 SHATTUCK AVE,7/25/2012,0,0,0,0,0
THE CHEESE BOARD  INC.,1504 SHATTUCK AVE,5/22/2012,0,0,0,0,0
THE CHEESE BOARD PIZZA,1510 SHATTUCK AVE,5/22/2012,0,0,0,1,0
THE JUICE BAR COLLECTIVE,2114 VINE ST,5/14/2012,0,0,0,0,0
PEET'S COFFEE &amp; TEA/VINE,2124 VINE ST,6/6/2011,0,0,0,1,0
CHESTER'S BAY VIEW CAFE,1510 WALNUT ST,2/7/2012,0,0,0,0,0
POULET,1685 SHATTUCK AVE,3/28/2012,0,0,0,0,0
CHA-YA RESTAURANT,1686 SHATTUCK AVE,5/9/2012,0,0,0,0,0
PARTY SUSHI,1776 SHATTUCK AVE,6/13/2012,0,0,0,0,0
FAST FOODS RESTAURANT,1782 SHATTUCK AVE,6/14/2012,0,0,0,0,0
CORSO,1786-88 SHATTUCK AVE,11/3/2011,1,0,0,1,0
FERTILE GROUNDS,1796 SHATTUCK AVE,3/19/2012,0,0,0,0,0
JASMINE THAI,1805 EUCLID AVE,2/21/2012,0,0,0,0,0
BREWED AWAKENING INC.,1807 EUCLID AVE,6/14/2012,0,0,0,0,0
LA BURRITA,1832 EUCLID AVE,7/16/2012,0,0,0,0,0
LA VAL'S GARDENS INC.,1834-40 EUCLID AVE,7/16/2012,1,0,0,1,0
GIANT BONGO BURGER,1839 EUCLID AVE,6/21/2012,0,0,0,0,0
BANANA SAM'S CAFE,1842 EUCLID AVE,6/6/2012,0,0,0,0,0
CAFE NEFELI,1854 EUCLID AVE,12/7/2011,0,0,0,0,0
VINNIE'S CHEESESTEAKS,1866 EUCLID AVE,7/19/2012,0,0,0,0,0
URBANN TURBANN,1870 EUCLID AVE,5/23/2012,0,0,0,1,0
T.C. GARDEN,2507 HEARST AVE B,7/18/2011,0,0,0,0,0
COOKERY,724 ALLSTON WY,12/13/2011,0,0,0,1,0
SUSHI BANZAI,1019 CAMELIA ST,6/22/2011,0,0,1,1,0
900 GRAYSON,900 GRAYSON ST,6/22/2012,1,0,0,0,0
HUDSON FISH,1028 MURRAY ST,6/20/2011,0,0,0,0,0
BERKELEY YACHT CLUB,1 SEAWALL DR,9/1/2011,0,0,0,0,0
BERKELEY MARINA SPORTS CENTER,225 UNIVERSITY AVE,3/30/2012,0,0,0,1,0
ZUT ON FOURTH,1820 FOURTH ST,10/19/2011,1,0,0,0,0
O CHAME,1830 FOURTH ST,7/2/2012,0,0,0,1,0
JUNE TAYLOR COMPANY,2207 FOURTH ST,1/9/2012,0,0,0,0,0
CAFE FANNY COMMISSARY,1619 FIFTH ST,1/20/2012,1,0,0,0,0
OCEAN VIEW MARKET,1468 SIXTH ST,7/13/2012,0,0,0,0,0
TRUMPETVINE CATERING,2533 SEVENTH ST,7/9/2012,0,0,0,0,0
UNCOMMON CAFE,2817 7TH ST,6/22/2012,1,0,0,1,0
WEST SIDE BAKERY CAFE,2570 NINTH ST,7/10/2012,0,0,0,1,0
PURE CONVENIENCE STORE,913 UNIVERSITY AVE,3/29/2012,1,0,0,0,0
THE CHEESE STEAK SHOP,1054 UNIVERSITY AVE,3/28/2012,0,0,0,0,0
SACRAMENTO MARKET,2974 SACRAMENTO ST,6/14/2012,0,0,0,1,0
BIOFUEL OASIS COOPERATIVE,1441 ASHBY AVE,2/23/2012,0,0,0,0,0
CREPEVINE,1600 SHATTUCK AVE 118,2/9/2012,0,0,0,0,0
NORTHSIDE CAFE,1878 EUCLID AVE,5/23/2012,0,0,0,0,0
GOMNARU RESTAURANT,2505 HEARST AVE D,4/17/2012,0,0,0,1,0
BARBARY BRIX,724 ALLSTON WY,12/13/2011,0,0,0,1,0
ANCHALEE THAI CUISINE,1094-96 DWIGHT WY,6/29/2011,1,0,0,1,0
HARRISON HOUSE,711 HARRISON ST,4/27/2011,0,0,0,0,0
EVENT,1030 MURRAY ST,6/20/2011,0,0,0,0,0
SKATES ON THE BAY,100 SEAWALL DR,7/11/2011,0,0,0,0,0
BRENNAN'S,700 UNIVERSITY AVE 3RDST,4/19/2012,0,0,0,1,0
EASY LIQUOR AND GROCERY,3045 SAN PABLO AVE,3/23/2012,0,0,0,0,0
CASA LATINA BAKERY,1805 SAN PABLO AVE,1/26/2012,0,0,0,1,0
TIP TOP LIQUORS &amp; DELI,3012 SAN PABLO AVE,8/10/2011,0,0,0,0,0
B.B. SEA FOOD,2987 SACRAMENTO ST,7/11/2012,0,0,0,0,0
HONG DU UNOCAL,901 ASHBY AVE,PENDING,-1,-1,-1,-1,-1
RIVA CUCINA,800 HEINZ AVE,6/22/2012,0,0,0,1,0
BERKELEY BOWL WEST #1-7,920 HEINZ AVE,7/19/2011,0,0,0,1,0
LUNCH BOX CAFE,729 HEINZ AVE,6/22/2012,0,0,0,1,0
BERKELEY CITY JAIL,2171 MCKINLEY AVE,PENDING,-1,-1,-1,-1,-1
CALIFORNIA ROSE CATERING,1012 GRAYSON ST,6/13/2011,0,0,0,0,0
VITAL VITTLES,2810 SAN PABLO AVE,4/5/2011,0,0,0,0,0
ASHBY SUPER MARKET,2948 M L KING JR WY,6/19/2012,0,0,0,0,0
PIMAX INC. DBA C &amp; M MEAT CO.,2843 SAN PABLO AVE,5/8/2012,0,0,0,0,0
ALCATRAZ MARKET,1601 ALCATRAZ AVE,2/7/2012,0,0,0,0,0
NINO'S,1916 M L KING JR WY,1/12/2012,1,0,0,0,0
DIYAR MEDITERRANIAN CUISINE,2511 DURANT AVE,6/18/2012,1,0,0,1,0
THE BOOT STRAPPER,2836 SACRAMENTO ST,2/23/2012,0,0,0,1,0
BOB'S LIQUORS,2842 SACRAMENTO ST,2/23/2012,0,0,0,0,0
JOSHUYA,2441 DWIGHT WY,6/29/2012,0,0,0,0,0
NAAN AND CURRY,2366 TELEGRAPH AVE,3/20/2012,2,0,0,0,0
CHO KOREAN BAR-B-QUE,2428 TELEGRAPH AVE,7/1/2011,1,0,0,1,0
HOTEL SHATTUCK,2086 ALLSTON WY,7/23/2012,1,0,0,1,0
LE REGAL,2126 CENTER ST,5/24/2012,0,0,0,0,0
MCGEE'S MARKET,2828 MCGEE AVE,3/16/2012,0,0,0,0,0
CALIFORNIA CINEMA,2113 KITTREDGE ST,PENDING,-1,-1,-1,-1,-1
RAZAN'S CAFE,2119 KITTREDGE ST,3/8/2012,1,0,0,1,0
BERKELEY DISCOUNT &amp; DELI,2439 M L KING JR WY,4/18/2012,0,0,0,0,0
ANZU,2433 SHATTUCK AVE,3/15/2012,1,0,0,1,0
MCGEE AVE BAPTIST CHURCH,1640 STUART ST,5/2/2012,0,0,0,0,0
TELEGRAPH AVENUE MARKET,2552 TELEGRAPH AVE,6/13/2012,0,0,0,0,0
WAT MONGKOLRATAMARAN,1911 RUSSELL ST,5/3/2012,0,0,0,0,0
SCONEHENGE BAKERY,2102 WARD ST,7/5/2012,1,0,0,0,0
BERKELEY BOWL KITCHEN,2020 OREGON ST,5/4/2012,1,0,0,1,0
WALGREENS #4614,2801 ADELINE ST,4/24/2012,0,0,0,0,0
HOUSE OF CURRIES,2984 COLLEGE AVE,4/4/2012,0,0,0,1,0
ELMWOOD NURSING &amp; REHAB,2829 SHATTUCK AVE,7/23/2012,0,0,0,0,0
BUSD FOOD SERVICE WAREHOUSE,1733 RUSSELL ST,2/27/2012,0,0,0,0,0
LOCANDA DA EVA,2826 TELEGRAPH AVE,PENDING,-1,-1,-1,-1,-1
PEPPERMINT GRILL,2505 HEARST AVE B,7/12/2012,0,0,0,0,0
DOROTHY DAY HOUSE,1931 CENTER ST,2/6/2012,0,0,0,1,0
ORCHARD SUPPLY HARDWARE,1025 ASHBY AVE,6/16/2011,0,0,0,0,0
INT'L SOCIETY FOR KRISHNA,2334 STUART ST,5/2/2012,0,0,0,0,0
ANDRONICO'S PARK &amp; SHOP,1850 SOLANO AVE,10/11/2011,0,0,0,1,0
CHRIS THAI CUISINE,2364 SHATTUCK AVE,6/7/2012,0,0,0,0,0
PAPAMINGO FROZEN YOGURT,2510 CHANNING WY,PENDING,-1,-1,-1,-1,-1
EL SOMBRERO TAQUERIA,2101 UNIVERSITY AVE,PENDING,-1,-1,-1,-1,-1
FRESH &amp; BEST RESTAURANT,2924 DOMINGO AVE,5/22/2012,0,0,0,0,0
YOGURT PARK INC.,2433 DURANT AVE A,4/26/2012,0,0,0,1,0
PEPE'S PIZZA,2516 DURANT AVE #B,2/10/2012,1,0,0,1,0
KIM'S KIMCHI GARDEN,2517 DURANT AVE B,3/30/2011,1,0,0,1,0
CAFE DURANT,2517- DURANT AVE C,2/7/2012,1,0,0,1,0
CHANG LUONG RESTAURANT,2517 DURANT AVE D,4/17/2012,0,0,0,0,0
THAI BASIL CUISINE OF THAILAND,2519 DURANT AVE G,6/12/2012,0,0,0,1,0
STEVE'S KOREAN BAR-B-Q,2521 DURANT AVE F,6/5/2012,0,0,0,0,0
CHIPOTLE MEXICAN GRILL,2311 TELEGRAPH AVE,3/27/2012,0,0,0,0,0
MOUNT EVEREST RESTURANT,2598 TELEGRAPH AVE,3/14/2012,0,0,0,1,0
CHEESE 'N STUFF,2442 DURANT AVE,3/22/2012,0,0,0,0,0
FINS RESTAURANT,2240 SHATTUCK AVE,3/5/2012,1,0,0,1,0
CHINESE EXPRESS,2488 CHANNING WY,5/15/2012,1,0,0,1,0
AKI'S RESTAURANT,2505 HEARST AVE C,4/17/2012,0,0,0,0,0
ZABU ZABU,1919 ADDISON ST,6/1/2012,1,0,0,1,0
WHAT'S UP DOG,2109 MILVIA ST,PENDING,-1,-1,-1,-1,-1
BERKELEY DONUT SHOP,3043 SAN PABLO AVE,3/23/2012,1,0,0,1,0
MUDRACKERS,2801 TELEGRAPH AVE,5/17/2012,1,0,0,0,0
7-ELEVEN #16192,2887 COLLEGE AVE,1/12/2012,0,0,0,0,0
GOODSONS/GNC,2165 SHATTUCK AVE,4/11/2012,0,0,0,0,0
CAL TAQUERIA,2177 SHATTUCK AVE #A,6/11/2012,1,0,0,0,0
WEST BERKELEY SENIOR CENTER,1900 6TH ST,11/3/2011,0,0,0,1,0
WALGREENS #2609,2995 SAN PABLO AVE,1/10/2012,0,0,0,0,0
SHATTUCK MARKET,2441 SHATTUCK AVE,4/5/2012,0,0,0,0,0
SHATTUCK CINEMA,2230 SHATTUCK AVE,4/30/2012,0,0,0,0,0
OSCAR'S,1890 SHATTUCK AVE,6/7/2012,0,0,0,1,0
LE BATEAU IVRE/DRUNKEN BOAT,2629 TELEGRAPH AVE,7/17/2012,1,0,0,0,0
PAPA JOHN PIZZA,2222 SHATTUCK AVE,5/24/2012,0,0,0,0,0
STARBUCKS COFFEE #5406,2224 SHATTUCK AVE,5/14/2012,0,0,0,0,0
YOGURTLAND,2236 SHATTUCK AVE,4/25/2012,0,0,0,0,0
EXTREME PIZZA,2352 SHATTUCK AVE,3/12/2012,1,0,0,1,0
CK INFINITY INC DBA OIVE GROVE,933 ASHBY AVE,PENDING,-1,-1,-1,-1,-1
TOP DOG,2503 HEARST AVE,7/18/2012,0,0,0,0,0
GROVE RECREATION CENTER,1730 OREGON ST,5/9/2012,0,0,0,0,0
BERKELEY YOUTH ALTERNATIVE,1255 ALLSTON WY,6/16/2011,0,0,0,0,0
JAMES KENNEY REC CTR SNACK BAR,1720 EIGHTH ST,7/9/2012,0,0,0,1,0
ADDIE'S PIZZA PIE  LLC,3290 ADELINE ST,6/21/2012,0,0,0,0,0
VIK'S MARKET  LLC,2380 FOURTH ST,11/3/2011,0,0,0,0,0
TOMATE CAFE,2265 FIFTH ST,7/17/2012,0,0,0,0,0
CHUNG DANG,2127 UNIVERSITY AVE,PENDING,-1,-1,-1,-1,-1
MILANESE CAFFE,2502 TELEGRAPH AVE,10/25/2011,0,0,0,0,0
SEA SALT,2512 SAN PABLO AVE,3/12/2012,0,0,0,0,0
LONG LIFE VEGI HOUSE,2129 UNIVERSITY AVE,7/25/2012,0,0,0,0,0
VIK'S CHAAT CORNER,2390 FOURTH ST,11/3/2011,0,0,0,0,0
SEABREEZE MARKET &amp; DELI,598 UNIVERSITY AVE,3/30/2012,1,0,0,1,0
THANU'S THAI KITCHEN,2016 SHATTUCK AVE,7/11/2012,0,0,0,0,0
RAW ENERGY,2050 ADDISON ST,4/24/2012,0,0,0,0,0
PEET'S COFFEE &amp; TEA/4TH,1776 FOURTH ST,6/25/2012,0,0,1,0,0
CAFE ROUGE,1782 4TH ST,6/27/2012,0,0,0,1,0
THE PASTA SHOP &amp; WILLY'S PROD.,1786 FOURTH ST,6/27/2012,0,0,0,1,0
TACUBAYA,1788 FOURTH ST,6/27/2012,0,0,0,0,0
LA CASCADA,2975 COLLEGE AVE,PENDING,-1,-1,-1,-1,-1
CAFE 64,800 DWIGHT WY BLDG 64,4/6/2011,0,0,0,0,0
THE BERKELEY SAUNA,1947 MILVIA ST,PENDING,-1,-1,-1,-1,-1
VIVA TAQUERIA,2984 RUSSELL ST,1/5/2012,0,0,0,0,0
CYPRUS RESTAURANT,81 SHATTUCK SQ,7/6/2012,0,0,0,1,0
HUMMINGBIRD CAFE,1814 EUCLID AVE,6/6/2012,0,0,0,1,0
CAFE M,1799 FOURTH ST,7/2/2012,0,0,0,0,0
IRONWOOD BBQ BERKELEY,2130 OXFORD ST,6/11/2012,1,0,0,0,0
CINNAHOLIC,2132 OXFORD ST,5/2/2012,0,0,0,0,0
PUNJABI BY NATURE,2134 OXFORD ST,6/28/2012,1,0,0,1,0
THE SUNNY SIDE CAFE,2136 OXFORD ST,5/2/2012,0,0,0,0,0
TOP DOG #5,2160 CENTER ST,7/5/2012,0,0,0,1,0
LA CASCADA,2164 CENTER ST,7/5/2012,1,0,0,0,0
HS LORDSHIPS,199 SEAWALL DR,PENDING,-1,-1,-1,-1,-1
KHANA PEENA,1887 SOLANO AVE A,2/29/2012,0,0,0,0,0
BANGKOK NOODLES,1958 SHATTUCK AVE,12/8/2011,0,0,0,0,0
EXTREME PIZZA,3204 COLLEGE AVE,5/29/2012,1,0,0,1,0
MONTE CRISTO TAQUERIA,1446 UNIVERSITY AVE,3/21/2012,0,0,0,1,0
VIET NAM VILLAGE,2521 DURANT AVE E,5/21/2012,0,0,0,0,0
CREPES A-GO-GO,2334 TELEGRAPH AVE,6/19/2012,0,0,0,1,0
LITTLE CAESARS,1109 UNIVERSITY AVE,6/27/2011,0,0,0,0,0
BERKELEY ESPRESSO,1900 SHATTUCK AVE,6/7/2012,0,0,0,1,0
OCTOBERFEAST BAKERY,1954 UNIVERSITY AVE,2/17/2012,0,0,0,0,0
PEET'S COFFEE &amp; TEA/2160SHAT,2160 SHATTUCK AVE,6/1/2012,0,0,0,0,0
MAKRIS CAFE,2105 UNIVERSITY AVE,6/5/2012,0,0,0,0,0
GILMAN GRILL,1300 FOURTH ST,6/12/2012,0,0,0,1,0
GRAMMA'ROSE GARDEN INN,2740 TELEGRAPH AVE,5/17/2012,0,0,0,1,0
YOGURT HARMONY,2259 SHATTUCK AVE,4/4/2011,0,0,0,0,0
WILLARD MIDDLE SCHOOL CAFETERIA,2425 STUART ST,4/10/2012,0,0,0,0,0
MAOZ VEGETARIAN,2395 TELEGRAPH AVE,1/10/2012,0,0,0,0,0
SUBWAY,1101 UNIVERSITY AVE,8/22/2011,0,0,0,0,0
FLAVORS OF INDIA,3211 COLLEGE AVE,5/9/2012,1,0,0,1,0
BERKELEY BOWL WEST #7-REST,922 HEINZ AVE,6/1/2012,0,0,0,1,0
A'CUPPA TEA,3202 COLLEGE AVE,PENDING,-1,-1,-1,-1,-1
T-REX BARBECUE,1300 TENTH ST,11/2/2011,1,0,0,1,0
EDIBLE ARRANGEMENTS,3079 TELEGRAPH AVE,7/19/2012,0,0,0,0,0
SWEET ADELINE BAKERY,3350 ADELINE ST,6/21/2012,0,0,0,0,0
WALGREENS #2314,1050 GILMAN ST,6/1/2011,0,0,0,1,0
MORGAN'S CAFE,64 SHATTUCK SQ E,4/18/2012,0,0,0,0,0
CRIXA,2748 ADELINE ST C,3/15/2012,0,0,0,0,0
REVIVAL BAR &amp; KITCHEN,2102 SHATTUCK AVE,10/17/2011,1,0,0,1,0
STANFORD LIQUOR,3400 ADELINE ST,3/28/2012,0,0,0,0,0
ANGELINE'S LOUISIANA KITCHEN,2261 SHATTUCK AVE,5/8/2012,1,0,0,0,0
YALIS OXFORD STREET CAFE,1920 OXFORD ST,3/6/2012,0,0,1,0,0
CUPCAKE BLISS,2433 DURANT AVE D,PENDING,-1,-1,-1,-1,-1
VICEROY INDIAN CUISINE,21 SHATTUCK SQ,7/11/2012,1,0,0,1,0
PHILZ COFFEE INC.,1600 SHATTUCK AVE # 100,5/7/2012,0,0,0,1,0
BARNEY'S GOURMET HAMBURGERS,1600 SHATTUCK AVE # 112,12/20/2011,0,0,0,0,0
CHIANG LAI THAI CUISINE,2505 HEARST AVE # G,2/22/2012,1,0,0,0,0
KIRALA RESTAURANT,2100 WARD ST,2/22/2012,1,0,0,1,0
LEE'S MARKET,2700 M L KING JR WY,8/25/2011,0,0,0,0,0
FRIENDLY MARKET,1600 WARD ST,3/16/2012,0,0,0,0,0
CHEN'S GARDEN,1818 ALCATRAZ AVE,4/23/2012,1,0,0,0,0
BROOM BUSH CAFE,2725 SAN PABLO AVE,5/8/2012,1,0,0,1,0
NORDIC HOUSE,2709 SAN PABLO AVE,1/10/2012,0,0,0,0,0
MISSOURI LOUNGE &amp; CAFE,2600 SAN PABLO AVE,4/6/2011,0,0,0,0,0
JUAN'S PLACE,941 CARLETON ST,6/23/2011,0,0,0,0,0
BUBI'S DELICATESSEN &amp; CATERING,2530 TENTH ST 1,7/5/2012,0,0,0,0,0
FALLANGHINA LLC DBA PAISAN,2514 SAN PABLO AVE,3/12/2012,1,0,0,0,0
BACHEESO II,2501 SAN PABLO AVE,5/10/2011,1,0,0,1,0
K C BARBEQUE,2613 SAN PABLO AVE,5/8/2012,1,0,0,0,0
EPHESIAN CHILD CENTER,1907 HARMON ST,7/6/2012,0,0,0,0,0
FOOD TOWN MARKET,3047 SACRAMENTO ST,6/14/2012,0,0,0,1,0
MO'JOE CAFE,2517 SACRAMENTO ST,6/4/2012,1,0,0,1,0
SO. BERKELEY COMMUNITY CHURCH,1802 FAIRVIEW ST,4/12/2012,0,0,0,1,0
THE VAULT CAFÉ,3250 ADELINE ST,4/23/2012,1,0,0,0,0
LA BAYOU,3278 ADELINE ST,5/9/2012,0,0,0,0,0
MING'S KITCHEN,1763 ALCATRAZ AVE,5/26/2011,0,0,0,0,0
CATALFO FIELD HOUSE,777 HARRISON ST,5/25/2011,0,0,0,0,0
JUICE APPEAL,150 BERKELEY SQ STE A,1/18/2012,0,0,0,0,0
THE JAZZ CAFE,2087 ADDISON ST,4/24/2012,1,0,0,1,0
AURORA THEATRE CO.,2081 ADDISON ST,PENDING,-1,-1,-1,-1,-1
SANDWICH ZONE,2117 SHATTUCK AVE,5/7/2012,0,0,0,0,0
AMPHORA NUEVA BERK. OLIVE OIL,2928 DOMINGO AVE,1/19/2012,0,0,0,0,0
JOHN'S ICE CREAM,2204 SHATTUCK AVE,3/8/2012,0,0,0,0,0
LA FARINE,1820 SOLANO AVE # A,3/16/2012,0,0,0,0,0
CAFFE TRIESTE,2500 SAN PABLO AVE SW,PENDING,-1,-1,-1,-1,-1
WATERSIDE WORKSHOPS CAFE,84 BOLIVAR DR,5/3/2011,0,0,0,0,0
THE BREAD WORKSHOP  LLC,1398 UNIVERSITY AVE,7/12/2011,0,0,0,0,0
SONOMA COFFEE CAFE,2131 DURANT AVE,5/15/2012,1,0,0,1,0
NINA'S CAFE,2703 SEVENTH ST,6/22/2012,0,0,0,1,0
HERBIVORE RESTAURANT,2451 SHATTUCK AVE,5/4/2012,1,0,0,0,0
THAI DELIGHT CUISINE CO. LTD,1700 SHATTUCK AVE 102,2/2/2012,0,0,0,0,0
PICOSO TAQUERIA,1511 SHATTUCK AVE B,2/16/2012,0,0,0,0,0
LUSH GELATO,1511-C SHATTUCK AVE,1/11/2012,0,0,0,0,0
KIRALA 2,1511 SHATTUCK AVE D,7/16/2012,0,0,0,0,0
ALEGIO CHOCOLATE,1511 SHATTUCK AVE # E,7/11/2011,0,0,0,0,0
IMPERIAL TEA COURT,1511 SHATTUCK AVE F,7/11/2012,0,0,0,0,0
LOVE AT FIRST BITE,1510-G WALNUT ST,5/4/2012,0,0,0,0,0
GYPSY'S TRATTORIA ITALIANO,2519 DURANT AVE A,7/25/2012,1,0,0,1,0
SATAY HOUSE,2519-B DURANT AVE,4/10/2012,1,0,0,1,0
CAL GYROS,2519 DURANT AVE C,4/10/2012,1,0,0,0,0
MANDARIN HOUSE RESTAURANT,2519-D DURANT AVE,6/18/2012,1,0,0,1,0
KINGPIN DONUTS,2521 DURANT AVE A,4/6/2012,0,0,0,0,0
PANCHO'S MEXICAN RESTAURANT,2521-B DURANT AVE,5/31/2012,1,0,0,0,0
BEAR'S RAMEN HOUSE,2521-D DURANT AVE,4/6/2012,1,0,0,1,0
GATHER,2200 OXFORD ST,5/2/2012,0,0,0,0,0
MINT LEAF,1513 SHATTUCK AVE A,5/7/2012,0,0,0,1,0
CANDY BOUQUET,1642 M L KING JR WY,PENDING,-1,-1,-1,-1,-1
CIOCCOLATA DI VINO,1801 SHATTUCK AVE,5/16/2012,0,0,0,0,0
FINFINE,2556 TELEGRAPH AVE 8,9/28/2011,0,0,0,0,0
FONDUE FRED AND CAFE FRED,2556 TELEGRAPH AVE 6,4/4/2012,0,0,0,0,0
NORIKONOKO JAPANESE REST.,2556 TELEGRAPH AVE 7,3/28/2012,0,0,0,0,0
KORYO BBQ,2556 TELEGRAPH AVE 8,3/27/2012,0,0,0,1,0
ARRIBA PERU,2556 TELEGRAPH AVE 14,7/12/2011,0,0,0,1,0
THE PHOENIX PASTIFICIO,1250 ADDISON ST 109,6/29/2011,0,0,0,1,0
LITTLE LOTUS HOUSE RESTAURANT,2517 DURANT AVE A,4/26/2012,1,0,0,1,0
PHO ME NOW  LLC,1725 UNIVERSITY AVE,1/31/2012,1,0,0,0,0
K'S COFFEE HOUSE,2002 CENTER ST,6/8/2012,1,0,0,1,0
ROYAL INDIAN CUISINE,2566 TELEGRAPH AVE B,PENDING,-1,-1,-1,-1,-1
KYAKAMEENA SANITORIUM,2131 CARLETON ST,6/19/2012,0,0,0,0,0
BUFFET TOWN,2518 DURANT AVE C,PENDING,-1,-1,-1,-1,-1
BETA LOUNGE,2129 DURANT AVE,12/7/2011,0,0,0,0,0
NOAH'S BAGELS,3170 COLLEGE AVE,5/25/2012,0,0,0,0,0
BEAR KARAOKE,2516 DURANT AVE # A,5/2/2011,0,0,0,1,0
FELLINI COFFEE BAR,1401 UNIVERSITY AVE B,2/10/2012,0,0,0,0,0
BLOCKBUSTER VIDEO,2390 SHATTUCK AVE,PENDING,-1,-1,-1,-1,-1
IPPUKU,2130 CENTER ST # 101,3/27/2012,0,0,0,1,0
BELL FORNO,1400-1A SHATTUCK AVE,3/15/2012,0,0,0,1,0
LOCOCO'S,1400 SHATTUCK AVE S5,1/5/2012,0,0,1,0,0
CAFE YESTERDAY,1122 UNIVERSITY AVE 104,5/18/2011,0,0,0,1,0
CREMA,2865 SEVENTH ST,5/11/2011,0,0,0,1,0
7-ELEVEN,2601 TELEGRAPH AVE,2/29/2012,0,0,0,0,0
ANDRONICO'S PARK &amp; SHOP,2655 TELEGRAPH AVE,11/1/2011,1,0,0,1,0
FREE HOUSE,2700 BANCROFT WY,4/30/2012,1,0,0,1,0
BERKELEY HILLEL,2736 BANCROFT WY,11/30/2011,0,0,0,0,0
LE PETIT CHEVAL LLC,2600 BANCROFT WY,4/8/2011,1,0,0,0,0
STRADAVARIUS,2680 BANCROFT WY,2/24/2012,0,0,0,1,0
HENRY'S PUBLICK HOUSE &amp; GRILLE,2600 DURANT AVE,6/12/2012,1,0,0,1,0
CAFFE MEDITERRANEUM,2475 TELEGRAPH AVE,6/29/2012,0,0,0,1,0
REMY'S MEXICAN RESTAURANT,2506 HASTE ST,5/9/2012,1,0,0,1,0
FAT SLICE,2375 TELEGRAPH AVE,3/20/2012,0,0,0,1,0
HOUSE OF CURRIES #2,2520 DURANT AVE,6/19/2012,1,0,0,1,0
TOP DOG,2534 DURANT AVE,3/28/2012,0,0,0,0,0
BERKELEY THAI HOUSE,2511 CHANNING WY,4/20/2012,1,0,0,0,0
I.B. HOAGIES,2513 DURANT AVE,2/7/2012,0,0,0,0,0
JOHNSTON'S MARKET,2515 DURANT AVE,4/16/2012,0,0,0,0,0
CAFE MILANO,2522 BANCROFT WY,6/4/2012,0,0,0,0,0
SAMER'S MARKET &amp; DELI,2312 TELEGRAPH AVE,5/30/2012,0,0,0,1,0
KIP'S,2439 DURANT AVE,5/31/2012,1,0,0,1,0
T-TOUST,2433 DURANT AVE,3/28/2012,0,0,0,0,0
MUSICAL OFFERING CAFE SHOP,2430 BANCROFT WY,3/20/2012,0,0,0,0,0
SUNRISE DELI,2456 BANCROFT WY,6/7/2012,1,0,0,1,0
TUTTI FRUTTI BERKELEY,2380 TELEGRAPH AVE,4/16/2012,0,0,0,0,0
THAI NOODLE II,2426 TELEGRAPH AVE,10/26/2011,0,0,0,0,0
BAY KING,2468 TELEGRAPH AVE,2/21/2012,0,0,0,0,0
LHASA KARNAK,2482 TELEGRAPH AVE,11/15/2011,0,0,0,0,0
BERKELEY EMERGENCY FOOD &amp; HOUSING,2362 BANCROFT WY,3/29/2012,0,0,0,0,0
BERKELEY CITY CLUB,2315 DURANT AVE,3/29/2012,0,0,0,0,0
CAMPUS MINI MART,2200 DURANT AVE,3/29/2012,0,0,0,0,0
KING DONG RESTAURANT,2429 SHATTUCK AVE,4/9/2012,1,0,0,1,0
BUDDHIST CHURCHES OF AMERICA,2140 DURANT AVE,5/3/2012,0,0,0,0,0
NANAYIRO RESTAURANT,2399 SHATTUCK AVE,6/7/2012,1,0,1,1,0
THALLASA,2367 SHATTUCK AVE,6/12/2012,0,0,0,0,0
LOONEY'S SMOKEHOUSE,2190 BANCROFT WY,6/14/2011,1,0,0,1,0
VENUS RESTAURANT,2327 SHATTUCK AVE,7/26/2012,1,0,0,0,0
CAFE CASA,3136 SACRAMENTO ST,8/4/2011,0,0,0,0,0
CVS PHARMACY,2300 SHATTUCK AVE,6/4/2012,0,0,0,0,0
GIOVANNI,2420 SHATTUCK AVE,9/20/2011,1,0,0,1,0
DOLLAR TREE #3454,2440 SHATTUCK AVE,5/4/2012,0,0,0,0,0
DETOUR CAFE,2001 DWIGHT WY,5/9/2012,0,0,0,0,0
LIK LIQUORS,2495 SACRAMENTO ST,1/11/2012,0,0,0,0,0
BREADS OF INDIA,2448 SACRAMENTO ST,4/2/2012,0,0,0,1,0
ZAZOU'S CAFE,2309 SAN PABLO AVE,PENDING,-1,-1,-1,-1,-1
LO-COST LIQUOR,2301 SAN PABLO AVE,11/18/2011,0,0,0,0,0
ANNAHER GROCERY &amp; LIQUORS,2451 SAN PABLO AVE,6/13/2011,0,0,0,0,0
JUST-RITE GROCERY,926 CHANNING WY,6/27/2011,0,0,0,0,0
CULTURED,800 BANCROFT WY,6/29/2011,0,0,0,0,0
CALIFORNIA HBPA,1100 EASTSHORE HWY,2/9/2012,0,0,0,0,0
KAN'S CAFETERIA,1100 EASTSHORE HWY,6/20/2011,0,0,0,0,0
ANN'S CATERING,2922 DOMINGO AVE,5/22/2012,1,0,0,0,0
AURORA SUSHI,2020 OREGON ST,5/4/2012,0,0,0,0,0
AURORA SUSHI,920 HEINZ AVE,7/19/2011,0,0,1,0,0
BERKELEY FARMERS MARKET,0 DWIGHT WY,9/27/2011,0,0,0,0,0
BERKELEY SUSHI HOUSE,2521-C DURANT AVE,7/10/2012,1,0,0,1,0
BETTE'S OCEANVIEW DINER,1807-A FOURTH ST,6/28/2012,0,0,0,0,0
BETTE'S TO GO,1807 FOURTH ST,6/28/2012,0,0,0,0,0
CAMILLE,2507 HEARST AVE # C,11/15/2011,0,0,0,1,0
DIGS BISTRO,1453 DWIGHT WY,PENDING,-1,-1,-1,-1,-1
DIGS BISTRO LLC,1453 DWIGHT WY,PENDING,-1,-1,-1,-1,-1
ECOLOGY CENTER CERTIFIED,2530 SAN PABLO AVE,8/20/2011,0,0,0,0,0
FROZEN CREATIONS,2370 SHATTUCK AVE,4/1/2011,1,0,0,0,0
HISSHO SUSHI,1550 SHATTUCK AVE,1/9/2012,0,0,0,0,0
HISSHO SUSHI,1850 SOLANO AVE,4/19/2012,0,0,0,0,0
HUGH GROMAN CATERING,2316 HASTE ST,PENDING,-1,-1,-1,-1,-1
JAPANESE AMERICAN SERVICES,1710 CARLETON ST,5/2/2012,0,0,0,0,0
SANDWICH MAN,2530 TENTH ST,7/5/2012,0,0,0,0,0
STAR MEATS LLC,3068 CLAREMONT AVE,3/19/2012,1,0,0,0,0
STELLA NONNA,2316 HASTE ST,PENDING,-1,-1,-1,-1,-1
TORINO BAKING,2316 HASTE ST,PENDING,-1,-1,-1,-1,-1
CAMPUS PIZZA,2127 UNIVERSITY AVE,10/6/2011,0,0,0,1,0
CREAM,2399 TELEGRAPH AVE,5/21/2012,0,0,0,0,0
LPC,2600 BANCROFT WAY,6/18/2012,0,0,0,0,0
GAUMENKITZEL,2121 SAN PABLO AVE,2/3/2012,0,0,0,0,0
LA MISSION MEXICAN GRILL,1255 UNIVERSITY AVE,3/20/2012,0,0,0,0,0
ZANZIBAR COFFEE HOUSE,2431-A DURANT AVE,7/5/2011,1,0,0,1,0
MANHATTAN ROAST &amp; GRILL,2518-A DURANT AVE,6/5/2012,1,0,0,1,0
GORDO TAQUERIA #7,2404 TELEGRAPH AVE,6/27/2012,0,0,0,0,0
iSCREAM,1819 SOLANO AVE,7/23/2012,0,0,0,0,0
FA-LA-LA,2518 DURANT AVE #B,6/5/2012,0,0,0,0,0
PANE QUOTIDIANO  LLC,91 SHATTUCK SQ,7/6/2012,0,0,0,0,0
PLA 2,1704 UNIVERSITY AVE,10/13/2011,0,0,0,0,0
THE VEGETARIAN GOURMET,724 ALLSTON WAY,12/13/2011,0,0,0,1,0
JAMES &amp; THE GIANT CUPCAKE,724 ALLSTON WAY,12/13/2011,0,0,0,1,0
WINE THIEVES,2926 DOMINGO AVE,5/25/2012,0,0,0,0,0
HARLEY RICHTER CATERING,724 ALLSTON WAY,12/13/2011,0,0,0,1,0
LA CREPE A MOI,2533 7TH ST,7/9/2012,0,0,0,0,0
BACHEESO,2650 TELEGRAPH AVE,4/20/2012,0,0,0,1,0
ZAK'S SNACK,1865 EUCLID AVE #4,12/7/2011,1,0,0,1,0
MONTEREY MARKET,1550 HOPKINS ST,6/12/2012,0,0,0,1,0
BEBOP,2975 COLLEGE AVE,7/25/2012,0,0,0,1,0
ANCIENT ORGANICS,726 ALLSTON WAY,1/9/2012,0,0,0,0,0
WALGREENS #13858,1607 SHATTUCK AVE,2/9/2012,0,0,0,0,0
SMOKEY J,3015 SHATTUCK AVE,1/25/2012,1,1,0,0,0
CASA BERNAL TAQUERIA,2122 SHATTUCK AVE,4/19/2012,0,0,0,0,0
FAR LEAVES TEA,2626 SAN PABLO AVE,1/31/2012,0,0,0,0,0
TAJMAHAL RESTAURANT,1025 UNIVERSITY AVE,PENDING,-1,-1,-1,-1,-1
KIMCHI GARDEN,2517 DURANT AVE # B,5/31/2012,1,0,0,1,0
UNCLE DOUGIE'S ITALIAN HEROES,2328 BOWDITCH ST,10/4/2011,1,0,0,1,0
THE PHO BAR,1828 EUCLID AVE,1/25/2012,0,0,0,1,0
BEC BAR &amp; BISTRO,2271 SHATTUCK AVE,4/9/2012,0,0,0,1,0
KIRAKU,2566 TELEGRAPH AVE B,7/11/2012,0,0,0,1,0
POPEYE'S CHICKEN #8593,1775 SAN PABLO AVE,2/6/2012,0,0,0,0,0
PHIL'S SLIDER,2024 SHATTUCK AVE,4/18/2012,0,0,0,0,0
TA KRAI HOM,1453 DWIGHT WAY,8/30/2011,0,0,0,0,0
ZAIKA RESTAURANT &amp; BAR,2050 UNIVERSITY AVE,4/23/2012,1,0,0,1,0
TAJ MAHAL RESTAURANT,1025 UNIVERSITY AVE,3/20/2012,0,0,0,1,0
YVONNE'S DELIGHTS,724 ALLSTON WAY,12/13/2011,0,0,0,1,0
SHALIMAR FOOD &amp; CAFE,2431-A DURANT AVE,4/3/2012,1,0,0,1,0
MINT LEAF VIETNAMESE RESTAURANT,2865 7TH ST,6/22/2012,0,0,0,1,0
SUBWAY #26628,2618 TELEGRAPH AVE,5/17/2012,1,0,0,0,0
CITY LEES MARKET,2700 M L KING JR WAY,3/16/2012,0,0,0,0,0
FRESCO BURRITO,1901 UNIVERSITY AVE,11/21/2011,1,0,1,0,0
TEA FEVER,2202 SHATTUCK AVE,3/21/2012,0,0,0,1,0
HIPPIE GYPSY,1797 SHATTUCK AVE A,6/19/2012,0,0,0,0,0
ALLSTAR CAFE,2172 SHATTUCK AVE,7/9/2012,1,0,0,1,0
TIVOLI CAFFE,2554 BANCROFT WAY,5/24/2012,1,0,0,1,0
STANDARD PETROLEUM #833,833 UNIVERSITY AVE,3/29/2012,0,0,0,1,0
TROY,2985 COLLEGE AVE,3/20/2012,0,0,0,0,0
DISTRICT DOGS,2109 MILVIA ST,5/14/2012,1,0,0,1,0
T C GARDEN,2507 HEARST AVE B,1/18/2012,0,0,1,1,0
ALFONSO'S CAFE,2309 SAN PABLO AVE,PENDING,-1,-1,-1,-1,-1
DIAL-A-CHEF,1761 ALCATRAZ AVE,7/17/2012,0,0,0,0,0
A'CUPPA TEA,2992 COLLEGE AVE,7/25/2012,1,0,0,0,0
THE LOCAL BUTCHER SHOP  LLC,1600 SHATTUCK AVE,6/21/2012,0,0,0,0,0
ORIGEN RESTAURANT,2826 TELEGRAPH AVE,7/11/2012,0,0,0,0,0
TUMI PERUVIAN CUISINE,2556 TELEGRAPH AVE,6/25/2012,0,0,0,0,0
NAMASTE MADRAS INDIAN CUISINE,2323 SHATTUCK AVE,4/5/2012,0,0,0,0,0
OKARA,724 ALLSTON WAY,12/13/2011,0,0,0,1,0
SMOKE BERKELEY,2434 SAN PABLO AVE,3/1/2012,0,0,0,0,0
ALTA BATES MED CENTER,2001 DWIGHT,1/27/2012,0,0,0,0,0
PEET'S COFFEE &amp; TEA/COL,3200 COLLEGE AVE,5/30/2012,0,0,0,0,0
A.G. FERRARI FOODS,2905 COLLEGE AVE,5/15/2012,0,0,0,1,0
DOMINO'S PIZZA,3219 ADELINE ST,7/18/2012,0,0,0,0,0
INDUS VILLAGE,1920 SAN PABLO AVE,11/15/2011,0,0,0,1,0
ANDRONICO'S COMM MARKETS-TEL,2655 TELEGRAPH AVE,1/6/2012,0,0,0,0,0
ANDRONICO'S COMM MARKETS-SOL,1850 SOLANO AVE,4/19/2012,0,0,0,0,0
ANDRONICO'S COMM MARKETS-SHAT,1550 SHATTUCK AVE,1/9/2012,0,0,0,0,0
CAMILLE'S VIETNAMESE CUISINE,2507-C HEARST AVE,4/24/2012,0,0,0,0,0
BERKELEY BOWL SEAFOOD DEPT,2020 OREGON ST,4/5/2012,0,0,0,0,0
BERKELEY BOWL MARKET PLACE,2020 OREGON ST,5/4/2012,1,0,0,0,0
BERKELEY MEAT DEPT,2020 OREGON ST,PENDING,-1,-1,-1,-1,-1
BERKELEY BOWL MEAT DEPT,2020 OREGON ST,5/4/2012,0,0,0,0,0
NUTRITION SOLUTIONS,724 ALLSTON WAY,PENDING,-1,-1,-1,-1,-1
GREEN EARTH CAFE &amp; BAKERY,2124 CENTER ST,3/12/2012,1,0,0,1,0
HAPPY VALLEY CHINESE RESTAURANT,2502 TELEGRAPH AVE,6/13/2012,0,0,0,1,0
SLIPPERY FISH,1491 SAN PABLO AVE,PENDING,-1,-1,-1,-1,-1
BERKELEY BOWL WEST #1-FOOD MKT,920 HEINZ AVE,5/31/2012,0,0,0,0,0
BERKELEY BOWL WEST #3-SEAFOOD,920 HEINZ AVE,5/31/2012,0,0,0,0,0
BERKELEY BOWL WEST #4-MEAT MKT,920 HEINZ AVE,5/31/2012,0,0,0,1,0
BERKELEY BOWL WEST #5-REST,920 HEINZ AVE,5/31/2012,0,0,1,1,0
BERKELEY BOWL WEST #6-MEZZ KITCHEN,920 HEINZ AVE,5/31/2012,0,0,0,1,0
SAIGON EXPRESS,2045 SHATTUCK AVE,7/9/2012,0,0,0,1,0
DIVINO LLC,1401 UNIVERSITY AVE,PENDING,-1,-1,-1,-1,-1
ALTA BATES MEDICAL CTR FOOD SERV,2001 DWIGHT WAY,PENDING,-1,-1,-1,-1,-1
ALTA BATES MEDICAL CTR FOOD SERV,2450 ASHBY AVE,PENDING,-1,-1,-1,-1,-1
HOT CUP,2107 ADDISON ST,3/6/2012,0,0,0,1,0
PAPPY'S GRILL &amp; SPORTS BAR,2367 TELEGRAPH AVE,PENDING,-1,-1,-1,-1,-1
BRASA,1960 UNIVERSITY AVE,6/19/2012,0,0,0,0,0
B-DAMA,920 HEINZ AVE,5/31/2012,1,0,0,0,0
FIST OF FLOUR PIZZA CO.,1030 MURRAY ST,PENDING,-1,-1,-1,-1,-1
DOMINO'S PIZZA,2127 UNIVERSITY AVE,3/29/2012,0,0,0,1,0
CASA DE CHOCOLATES,2629 ASHBY AVE,4/25/2012,0,0,0,0,0
SPOON,933 ASHBY AVE,PENDING,-1,-1,-1,-1,-1
CAFE CLEM,2020 KITTREDGE ST,5/30/2012,1,0,0,0,0
CREPES OOH LA LA,2125 UNIVERSITY AVE,4/18/2012,0,0,0,0,0
LIVE OAK CENTER,1301 SHATTUCK AVE REC,PENDING,-1,-1,-1,-1,-1
FRANCES M. ALBRIER COMMUNITY CENTER,2800 PARK ST REC,PENDING,-1,-1,-1,-1,-1
COMAL,2018-20 SHATTUCK AVE,PENDING,-1,-1,-1,-1,-1
THE MARSH A BREEDING GROUND FOR NEW PERFORMANCE,2120 ALLSTON WAY,PENDING,-1,-1,-1,-1,-1
THE TOASTER OVEN,2309 TELEGRAPH AVE,5/29/2012,0,0,0,0,0
GETA,2020 OREGON ST,7/18/2012,1,0,0,0,0
CHA-YA RESTAURANT,1688 SHATTUCK AVE,PENDING,-1,-1,-1,-1,-1
PLANET KABOB CAFE,2431-A DURANT AVE,PENDING,-1,-1,-1,-1,-1
EAT @ THAI,1181 UNIVERSITY AVE,PENDING,-1,-1,-1,-1,-1
LEE WAH RESTAURANT,2026 SAN PABLO AVE,PENDING,-1,-1,-1,-1,-1
CRUNCH,2144 CENTER ST,PENDING,-1,-1,-1,-1,-1
TELEGRAPH MARKET/DELI,2552 TELEGRAPH AVE,PENDING,-1,-1,-1,-1,-1
THE HAPPY HIGH HERB SHOP,2508 CHANNING WAY,PENDING,-1,-1,-1,-1,-1
SOURLAKI GREEK TRAD'L FOOD,2518 DURANT AVE #B,PENDING,-1,-1,-1,-1,-1
PHALANGES LLC DBA SUYA,2130 OXFORD ST,PENDING,-1,-1,-1,-1,-1
CAFE V,2056 SAN PABLO AVE,PENDING,-1,-1,-1,-1,-1
DOLLAR TREE,1284 SAN PABLO AVE,PENDING,-1,-1,-1,-1,-1
ARRIBA PERU,2556 TELEGRAPH AVE 14,PENDING,-1,-1,-1,-1,-1
ASHA TEA HOUSE,2086 UNIVERSITY AVE,PENDING,-1,-1,-1,-1,-1
UNIVERSITY LUTHERAN CHAPEL OF BERKELEY,2425 COLLEGE AVE,PENDING,-1,-1,-1,-1,-1
BUENO EATS,724 ALLSTON WAY,PENDING,-1,-1,-1,-1,-1
TURKISH KITCHEN,2395 TELEGRAPH AVE,PENDING,-1,-1,-1,-1,-1
