lat,lng,name,address,date,vtemp,vcook,vhygiene,vcontam,vsource
37.867092,-122.299153,CANNED FOODS GROCERY OUTLET,2001 FOURTH ST,7/18/2012,0,0,0,0,0
37.8677459,-122.2978036,INDIA CHAAT AND SWEETS,824 UNIVERSITY AVE,4/18/2012,1,0,0,1,0
37.863964,-122.29507,FRANKLIN BROS MARKET,901 BANCROFT WY,6/29/2011,0,0,0,0,0
37.868336,-122.294538,MILAN,990 UNIVERSITY AVE,3/27/2012,0,0,0,1,0
37.868112,-122.294606,BOMBAY CUISINE,2010 NINTH ST,11/30/2011,0,0,0,0,0
37.868217,-122.295132,BERKELEY OIL COMPANY,950 UNIVERSITY AVE,3/28/2012,1,0,0,0,0
37.866159,-122.29152,GALLEGOS MEXICAN FOOD,2200 SAN PABLO AVE,1/5/2012,0,0,0,1,0
37.8653819,-122.2912392,QUINCE CAFE &amp; GRILL,2228 SAN PABLO AVE,1/26/2012,0,0,0,0,0
37.866531,-122.291649,ST. HELENA WINE CO.,2198 SAN PABLO AVE,1/5/2012,0,0,0,0,0
37.868586,-122.292374,CHAAT AND CURRIES,2026 SAN PABLO AVE,PENDING,-1,-1,-1,-1,-1
37.868487,-122.292346,MI RANCHITO BAYSIDE MARKET,2032 SAN PABLO AVE,11/28/2011,0,0,1,1,0
37.868106,-122.292233,PRIYA SO. &amp; NO. INDIAN CUISINE,2072 SAN PABLO AVE,1/9/2012,0,0,0,1,0
37.868572,-122.291557,LANESPLITTER PUB,2033 SAN PABLO AVE,1/10/2012,0,0,0,1,0
37.868707,-122.291562,RAINBOW DONUT,2025 SAN PABLO AVE,11/28/2011,0,0,0,1,0
37.868077,-122.291435,COUNTRY CHEESE CO.  INC.,2101 SAN PABLO AVE,1/25/2012,0,0,0,0,0
37.8658971,-122.2908318,TEMARI,2215 SAN PABLO AVE,5/24/2011,0,0,0,1,0
37.8666989,-122.290909,JACK-IN-THE-BOX,2197 SAN PABLO AVE,2/3/2012,0,0,0,1,0
37.868568,-122.283489,BERKELEY CHINESE COMM. CHURCH,2117 ACTON ST,9/14/2011,0,0,0,0,0
37.850763,-122.271074,M AND H MARKET,3198 ADELINE ST,1/5/2012,0,0,0,0,0
37.8703239,-122.279993,SOBER INC.DBA NO. BEACH PIZZA,1598 UNIVERSITY AVE,7/23/2012,0,0,0,0,0
37.870134,-122.281531,UNIVERSITY CHEVRON,1500 UNIVERSITY AVE,2/9/2012,0,0,0,0,0
37.870727,-122.277284,UNIVERSITY PRODUCE,1700 UNIVERSITY AVE,6/20/2012,0,0,0,0,0
37.8707432,-122.2729309,RAINBOW RANCH CAFE,2080 M L KING JR WY,7/27/2012,0,0,0,0,0
37.870973,-122.27494,NATION'S,1800 UNIVERSITY AVE,6/20/2012,1,0,0,0,0
37.870644,-122.268574,LEE'S DELI,2116 SHATTUCK AVE,5/23/2012,0,0,0,0,0
37.870386,-122.270339,NUHA CAFE,2115 MILVIA ST,3/26/2012,0,0,0,0,0
37.870717,-122.27028,GECKO-GECKO THAI-CALIF. EATERY,2101 MILVIA ST,2/21/2012,1,0,0,1,0
37.870737,-122.269582,FREIGHT &amp; SALVAGE COFFEE HOUSE,2020 ADDISON ST,PENDING,-1,-1,-1,-1,-1
37.8715322,-122.271618,NEW AMSTERDAM COFFEE SHOP,1952 UNIVERSITY AVE,7/6/2012,0,0,0,0,0
37.8716208,-122.2715384,EVE,1960 UNIVERSITY AVE,4/19/2011,0,0,0,0,0
37.871423,-122.268821,NEW CHINA EXPRESS,2024 SHATTUCK AVE,PENDING,-1,-1,-1,-1,-1
37.871615,-122.270489,AU COQUELET,2000 UNIVERSITY AVE,7/24/2012,1,0,0,0,0
37.8718532,-122.2697111,CAFE PLATANO PARTNERSHIP,2042 UNIVERSITY AVE,7/23/2012,1,0,0,1,0
37.870019,-122.268613,TULLY'S COFFEE,2150 SHATTUCK AVE,2/1/2012,0,0,0,1,0
37.869959,-122.269016,PEKING EXPRESS,2068 CENTER ST,2/6/2012,0,0,0,1,0
37.869444,-122.269483,LOX  STOCK AND BAGEL,2043 ALLSTON WY,7/23/2012,1,0,0,0,0
37.8680224,-122.2682492,PINTOH,2270 SHATTUCK AVE,3/15/2012,0,0,0,0,0
37.8679988,-122.2678872,U A CINEMA'S 5,2274 SHATTUCK AVE,5/7/2012,0,0,0,0,0
37.867762,-122.270052,SUMO GRUB,2235 MILVIA ST,3/19/2012,0,0,0,1,0
37.86859,-122.266679,BERKELEY TOUCHLESS CAR WASH,2176 KITTREDGE ST,4/6/2012,0,0,0,0,0
37.8679422,-122.2675523,LITTLE PLEARN THAI KITCHEN,2283 SHATTUCK AVE,4/25/2012,0,0,0,1,0
37.868149,-122.267399,BECKETT'S,2271 SHATTUCK AVE,PENDING,-1,-1,-1,-1,-1
37.869347,-122.266785,CANCUN TAQUERIA,2134 ALLSTON WY # A,4/4/2012,0,0,0,0,0
37.868858,-122.267183,GREAT CHINA,2115 KITTREDGE ST,10/12/2011,0,0,0,0,0
37.87026,-122.266175,STARBUCKS COFFEE #9217,2128 OXFORD ST,5/7/2012,0,0,0,0,0
37.8701999,-122.266645,ALBORZ RESTAURANT,2142 CENTER ST,2/7/2012,0,0,0,1,0
37.869748,-122.267203,PANINI,2115 ALLSTON WY,5/23/2012,1,0,0,1,0
37.869651,-122.267491,WALGREENS #3127,2187 SHATTUCK AVE,6/1/2012,0,0,0,0,0
37.86984,-122.267491,THE JUPITER,2181 SHATTUCK AVE,5/23/2012,1,0,0,1,0
37.8703096,-122.2672473,PIE IN THE SKY,2124 CENTER ST,PENDING,-1,-1,-1,-1,-1
37.8703354,-122.2670738,BEN &amp; JERRY'S ICE CREAM,2130 CENTER ST,4/19/2012,0,0,0,0,0
37.871025,-122.26735,ARINEL PIZZA,2109 SHATTUCK AVE,7/10/2012,1,0,0,0,0
37.8710809,-122.267947,POLLO,100 BERKELEY SQ,5/22/2012,1,0,0,0,0
37.871631,-122.2680416,SUSHI KO,64 SHATTUCK SQ,3/23/2012,0,0,0,1,0
37.871436,-122.26743,LA ROSE RESTAURANT,2037 SHATTUCK AVE,8/23/2011,0,0,0,0,0
37.871788,-122.267464,ICHIBAN RESTAURANT,2017 SHATTUCK AVE,6/11/2012,1,0,0,1,0
37.871977,-122.267494,PEOPLE'S COFFEE &amp; TEA,2015 SHATTUCK AVE,5/10/2012,1,0,0,0,0
37.8726119,-122.26715,BERKELEY HARDWARE INC.,2145 UNIVERSITY AVE,12/27/2011,0,0,0,0,0
37.872584,-122.267444,CREPES A-GO-GO,2125 UNIVERSITY AVE,8/9/2011,0,0,0,1,0
37.852817,-122.265882,CAFE VALPARAISO,3105 SHATTUCK AVE,6/1/2012,0,0,0,0,0
37.8529849,-122.265917,STARRY PLOUGH,3101 SHATTUCK AVE,6/3/2011,0,0,0,0,0
37.8739133,-122.2685523,BISTRO LIASION,1849 SHATTUCK AVE STE 101,1/10/2012,0,0,0,1,0
37.873404,-122.268832,TRIPLE ROCK BREWERY,1920 SHATTUCK AVE,1/5/2012,0,0,0,0,0
37.873297,-122.268813,SOL Y LUNA,1926 SHATTUCK AVE,3/8/2012,0,0,0,0,0
37.8731859,-122.268916,THAI NOODLE,1936 SHATTUCK AVE,7/23/2012,1,0,0,0,0
37.87239,-122.268728,MCDONALD'S,1998 SHATTUCK AVE,4/23/2012,0,0,0,0,0
37.872527,-122.268669,TURKISH KITCHEN INC.,1984 SHATTUCK AVE,7/16/2012,0,0,0,0,0
37.872374,-122.268947,TAIWAN RESTAURANT,2071 UNIVERSITY AVE,5/2/2012,0,0,0,0,0
37.872354,-122.269123,ANH HONG-BO 7 MON RESTAURANT,2067 UNIVERSITY AVE,3/23/2012,0,0,0,0,0
37.872252,-122.270131,RED TOMATO PIZZA HOUSE,2017 UNIVERSITY AVE,2/9/2012,0,0,0,1,0
37.8736734,-122.2728803,NORTH BERKELEY SENIOR CENTER,1901 HEARST AVE,4/5/2012,0,0,0,0,0
37.8718639,-122.2720735,ATHINEON,1941 UNIVERSITY AVE A,4/4/2012,0,0,0,1,0
37.8718755,-122.2722337,FRED'S MARKET #2,1929 UNIVERSITY AVE,4/9/2012,0,0,0,0,0
37.8717547,-122.2728575,UDUPI PALACE,1901-03 UNIVERSITY AVE,3/8/2012,0,0,0,1,0
37.871738,-122.2732664,TRADER JOE'S,1885 UNIVERSITY AVE,6/20/2012,0,0,0,1,0
37.871547,-122.275497,VENEZIA CAFFE AND RESTAURANTE,1799 UNIVERSITY AVE,2/23/2012,0,0,0,0,0
37.8714705,-122.2770099,LITTLE SAIGON RESTAURANT,1717-A UNIVERSITY AVE,5/4/2012,0,0,0,0,0
37.8730725,-122.2735646,#1 GAS,1900 M L KING JR WY,3/30/2012,0,0,0,0,0
37.8708665,-122.2795029,SPUN SUGAR,1611 UNIVERSITY AVE,6/5/2012,0,0,0,1,0
37.8707192,-122.2806801,THREE STONE HEARTH COMM. KITCHEN,1581 UNIVERSITY AVE,11/21/2011,0,0,0,0,0
37.8710279,-122.2813999,7-ELEVEN/1501UNIV,1501 UNIVERSITY AVE,3/20/2012,0,0,0,0,0
37.8702981,-122.2840615,FELLINI RISTORANTE,1401 UNIVERSITY AVE,6/1/2011,0,0,0,1,0
37.8703689,-122.284492,LEDGER'S LIQUOR,1399 UNIVERSITY AVE,7/26/2012,0,0,0,0,0
37.8531726,-122.2597991,THE SMOKEHOUSE,3115 TELEGRAPH AVE,7/19/2012,1,0,0,0,0
37.8696199,-122.2897351,BERKELEY FOSTER FREEZE,1199 UNIVERSITY AVE,3/26/2012,0,0,0,0,0
37.8694804,-122.2901685,SIAM CUISINE,1181 UNIVERSITY AVE,4/7/2011,0,0,0,0,0
37.869739,-122.291921,EVERETT &amp; JONES BARBECUE,1955 SAN PABLO AVE,7/23/2012,0,0,0,0,0
37.8715976,-122.2926766,BING'S LIQUOR,1801 SAN PABLO AVE,12/14/2011,0,0,0,0,0
37.871004,-122.293162,THE SPANISH TABLE,1814 SAN PABLO AVE,1/10/2012,0,0,0,0,0
37.8707637,-122.2929687,THE ALBATROSS,1822 SAN PABLO AVE,8/11/2011,0,0,0,0,0
37.869984,-122.292732,INDUS FOOD CENTER,1920 SAN PABLO AVE,4/16/2012,0,0,0,0,0
37.869718,-122.292646,HALAL FOOD MARKET,1964 SAN PABLO AVE,8/11/2011,0,0,0,0,0
37.8684129,-122.296973,DAVE'S UNION 76,849 UNIVERSITY AVE,3/29/2012,0,0,0,1,0
37.86832,-122.297439,NUT TREE GAS INC. STORE #833,833 UNIVERSITY AVE,PENDING,-1,-1,-1,-1,-1
37.869754,-122.300235,CHOCOLATIER BLUE PATISSERIE,1809 FOURTH ST A,6/28/2012,0,0,0,0,0
37.868255,-122.299752,SPENGER'S,1919 FOURTH ST,10/6/2011,0,0,0,1,0
37.8699512,-122.3008542,SUR LA TABLE,1808 FOURTH ST,6/28/2012,0,0,0,0,0
37.8703142,-122.3007608,TEANCE FINE TEAS,1780 4TH ST,6/25/2012,0,0,0,0,0
37.8463584,-122.2732852,FRED FINCH YOUTH HOUSE,3404 KING ST,4/12/2012,0,0,0,1,0
37.8703737,-122.3005721,MANHATTAN BAGEL,1789 FOURTH ST,6/25/2012,0,0,0,0,0
37.871785,-122.297186,BAHIA,1718 8TH ST,10/25/2011,0,0,0,0,0
37.8725562,-122.2935758,CAFE LEILA,1724 SAN PABLO AVE,12/14/2011,1,0,0,0,0
37.8718678,-122.292749,POPEYES CHICKEN &amp; BISCUITS,1775 SAN PABLO AVE,4/27/2011,1,0,0,0,0
37.8764221,-122.2831122,BERKELEY FOOD PANTRY,1600 SACRAMENTO ST,7/13/2011,0,0,0,1,0
37.8768389,-122.280237,CEDAR MARKET,1601 CALIFORNIA ST,1/10/2012,0,0,0,0,0
37.854859,-122.248377,STAR GROCERY,3068 CLAREMONT AVE,3/19/2012,0,0,0,0,0
37.877884,-122.269292,GUERILLA CAFE,1620 SHATTUCK AVE,2/7/2012,1,0,0,0,0
37.8804627,-122.2691372,DA LIAN RESTAURANT,1674 SHATTUCK AVE,5/17/2012,0,0,0,0,0
37.876817,-122.269297,VIRGINIA BAKERY,1690 SHATTUCK AVE,7/3/2012,0,0,0,1,0
37.8763967,-122.2692408,TASTE OF THE HIMALAYAS,1700 SHATTUCK AVE 101,7/26/2012,0,0,0,0,0
37.8759474,-122.269075,CAFE GRATITUDE,1730 SHATTUCK AVE,6/14/2012,0,0,0,0,0
37.8781201,-122.269333,BERKELEY FARMERS MARKET,0 FARMERS MKT - SHATTUCK AVE,PENDING,-1,-1,-1,-1,-1
37.8756245,-122.2610592,USCA-CENTRAL KITCHEN,2424 RIDGE RD,5/9/2012,0,0,0,0,0
37.875369,-122.259763,LE PETIT MARKET,2509 HEARST AVE,1/4/2012,0,0,0,0,0
37.8755809,-122.259984,CELIA'S MEXICAN RESTAURANT,1841 EUCLID AVE,6/18/2012,0,0,0,1,0
37.875696,-122.2600418,THE STUFFED INN,1829 EUCLID AVE,6/15/2012,0,0,0,1,0
37.8758591,-122.2600736,SEVEN PALMS FOOD CENTER,1801 EUCLID AVE,6/13/2012,0,0,0,0,0
37.8514901,-122.2522741,COLLEGE AVE. WINE &amp; SPIRITS,3179 COLLEGE AVE,5/29/2012,0,0,0,0,0
37.878695,-122.268545,GREGOIRE'S,2109 CEDAR ST,4/26/2012,0,0,0,0,0
37.878594,-122.268788,DARA THAI/LAO CUISINE,1549 SHATTUCK AVE,12/12/2011,0,0,0,0,0
37.878718,-122.26881,CHA AM,1543 SHATTUCK AVE,7/26/2012,0,0,0,0,0
37.8795938,-122.2689348,CHEZ PANNISSE,1517 SHATTUCK AVE,3/27/2012,0,0,0,0,0
37.87967,-122.268879,CESAR,1515 SHATTUCK AVE,12/13/2011,0,0,0,0,0
37.879812,-122.268895,SOOP,1511 SHATTUCK AVE A,5/21/2012,0,0,0,0,0
37.881503,-122.268642,JEWISH COMM.CTR OF THE EASTBAY,1414 WALNUT ST,PENDING,-1,-1,-1,-1,-1
37.881476,-122.269006,CVS PHARMACY,1451 SHATTUCK AVE,6/8/2012,0,0,0,0,0
37.880719,-122.26893,SAUL'S RESTAURANT,1475 SHATTUCK AVE,11/8/2011,0,0,0,0,0
37.880866,-122.268947,TOYO,1463 SHATTUCK AVE,3/13/2012,0,0,0,0,0
37.8511312,-122.2522082,MITAMA,3201-07 COLLEGE AVE,5/21/2012,1,0,0,1,0
37.880399,-122.26993,VEGI FOOD,2085 VINE ST,5/10/2012,0,0,0,0,0
37.879323,-122.269626,FRENCH HOTEL CAFE,1540 SHATTUCK AVE,2/16/2012,0,0,0,1,0
37.878856,-122.269806,ANDRONICO'S PARK &amp; SHOP,1550 SHATTUCK AVE,5/24/2011,0,0,0,0,0
37.875036,-122.293699,THE ACME BREAD CO.,1601 SAN PABLO AVE,1/20/2012,0,0,0,0,0
37.875364,-122.294492,SAN PABLO MINI-MART,1580 SAN PABLO AVE,1/11/2012,0,0,0,0,0
37.875565,-122.300968,JIMMY BEAN'S CATERING,1451 FIFTH ST,9/14/2011,0,0,1,1,0
37.877626,-122.2952421,BLESSED GARDEN RESTAURANT,1428 SAN PABLO AVE,8/2/2011,0,0,0,1,0
37.876142,-122.303424,GEORGE CATERING SERVICES,701 PAGE ST,7/13/2011,0,0,0,1,0
37.8782468,-122.3012766,PICANTE TAQUERIA,1328 SIXTH ST,10/31/2011,0,0,0,1,0
37.8802247,-122.2963155,DELTAN DIVERSIFIED INC,1300 SAN PABLO AVE,PENDING,-1,-1,-1,-1,-1
37.879425,-122.296354,CHIPOTLE MEXICAN GRILL,1050 GILMAN ST,11/3/2011,0,0,0,0,0
37.88197,-122.296689,CHURCH'S FRIED CHICKEN,1200 SAN PABLO AVE,11/30/2011,0,0,0,1,0
37.881529,-122.296581,TOKYO FISH MARKET,1220 SAN PABLO AVE,1/26/2012,0,0,1,0,0
37.8802656,-122.296973,HAPPY DONUTS,1041 GILMAN ST,6/27/2011,0,0,0,1,0
37.881137,-122.296919,STUDIO GROW LLC,1235 TENTH ST,7/9/2012,0,0,0,0,0
37.8797526,-122.299793,PYRAMID ALE HOUSE,901 GILMAN ST,4/19/2012,2,0,0,1,0
37.8794774,-122.3016124,JIMMY BEANS,1290 SIXTH ST,6/25/2012,1,0,0,1,0
37.882531,-122.296874,MCDONALD'S,1198 SAN PABLO AVE,11/30/2011,0,0,0,0,0
37.8812819,-122.2893898,COFFEE CONSCIOUS,1312 GILMAN ST,PENDING,-1,-1,-1,-1,-1
37.8804157,-122.2954723,TEA FRAGRANCE HOUSE,1301 SAN PABLO AVE,7/16/2012,0,0,0,1,0
37.879014,-122.294972,CHEVRON #306143,1399 SAN PABLO AVE,5/12/2011,0,0,0,0,0
37.8795705,-122.2951772,LA PALMITA,1335 SAN PABLO AVE,1/17/2012,0,0,0,1,0
37.880135,-122.295338,ASHKENAZ MUSIC &amp; DANCE COMM.,1317 SAN PABLO AVE,2/7/2012,0,0,0,0,0
37.8810829,-122.295641,MEAL TICKET,1235 SAN PABLO AVE,2/29/2012,0,0,0,0,0
37.881153,-122.29566,SABUY SABUY II,1233 SAN PABLO AVE,2/7/2012,1,0,0,1,0
37.8815492,-122.2904867,BERKELEY BAGELS CORP.,1281 GILMAN ST,5/31/2011,0,0,0,1,0
37.8815492,-122.2904843,TOOT SWEET BAKERY &amp; DONUT,1277 GILMAN ST,7/17/2012,0,0,0,0,0
37.8811509,-122.2887197,LALIME'S,1329 GILMAN ST,9/19/2011,0,0,0,1,0
37.881121,-122.2887214,BERKELEY NATURAL GROCERY CO.,1330 GILMAN ST,PENDING,-1,-1,-1,-1,-1
37.881755,-122.2823076,ESPRESSO ROMA,1549 HOPKINS ST,3/1/2012,0,0,0,1,0
37.8581636,-122.2528749,A.G. FERRARI FOODS,2905 COLLEGE AVE,8/30/2011,0,0,0,1,0
37.858328,-122.252854,SWEET DREAMS,2901 COLLEGE AVE,1/12/2012,0,0,0,0,0
37.8815835,-122.2817106,MAGNANI POULTRY,1576 HOPKINS ST,5/14/2012,0,0,0,1,0
37.8816289,-122.2816462,COUNTRY CHEESE COFFEE MARKET,1578 HOPKINS ST 7000,9/22/2011,0,0,0,0,0
37.8817231,-122.2816516,LILLY'S RESTAURANT,1580 HOPKINS ST 7000,2/22/2012,1,0,0,0,0
37.8817509,-122.2815816,MONTEREY FISH MARKET,1582 HOPKINS ST 7000,4/10/2012,0,0,0,0,0
37.8817139,-122.2814877,HOPKINS STREET BAKERY,1584 HOPKINS ST,1/4/2012,1,0,0,1,0
37.8819343,-122.2813897,MONTEREY LIQUORS,1590 HOPKINS ST,PENDING,-1,-1,-1,-1,-1
37.8815512,-122.2743207,FAT APPLE'S INC.,1346 M L KING JR WY,1/30/2012,0,0,0,0,0
37.881721,-122.273851,ROSE &amp; GROVE MARKET,1343 M L KING JR WY,5/8/2012,0,0,0,0,0
37.856252,-122.252655,KING YEN,2995 COLLEGE AVE,5/21/2012,1,0,0,1,0
37.8565479,-122.252697,FAR LEAVES TEA,2979 COLLEGE AVE,7/18/2011,0,0,0,0,0
37.8564688,-122.2527587,MARC 49,2985 COLLEGE AVE,7/27/2011,0,0,0,0,0
37.8563461,-122.2529609,GORDO TAQUERIA,2989 COLLEGE AVE,4/4/2012,0,0,0,0,0
37.8562197,-122.2529469,TRATTORIA LA SICILLIAN,2993 COLLEGE AVE,7/27/2011,0,0,0,0,0
37.8573969,-122.2532204,SUMMER KITCHEN,2944 COLLEGE AVE,4/3/2012,0,0,0,0,0
37.8576576,-122.2532154,LA MEDITERRANEE,2936 COLLEGE AVE,7/17/2012,1,0,0,0,0
37.8643174,-122.3141384,HANA JAPAN STEAK HOUSE,235 UNIVERSITY AVE,1/31/2012,0,0,0,1,0
37.868635,-122.313763,DOUBLETREE,200 MARINA BLVD,3/26/2012,0,0,0,0,0
37.8476489,-122.281556,A Z MARKET,1279 ALCATRAZ AVE,1/27/2012,0,0,0,0,0
37.8568069,-122.2530439,RIALTO THEATERS,2964 COLLEGE AVE,4/25/2012,0,0,0,0,0
37.856723,-122.253521,ASHBY MARKET PLACE,2642 ASHBY AVE,5/14/2012,0,0,0,0,0
37.8853029,-122.2744647,XTRA OIL CO/CHEVRON,1201 THE ALAMEDA,9/19/2011,0,0,0,0,0
37.8570329,-122.2530593,ESPRESSO ROMA,2960 COLLEGE AVE,5/14/2012,1,0,0,0,0
37.8557241,-122.257135,ALTA BATES FOOD SERVICE,2450 ASHBY AVE,1/27/2012,0,0,0,0,0
37.891567,-122.280807,KIRIN RESTAURANT,1767 SOLANO AVE,7/25/2012,1,0,0,1,0
37.8916776,-122.2777471,NOAH'S BAGELS,1883 SOLANO AVE,3/12/2012,0,0,0,0,0
37.8916731,-122.2778211,CACTUS TACQUERIA SOLANO,1881 SOLANO AVE,5/16/2012,0,0,0,0,0
37.8918441,-122.2784813,ZACHARY'S CHICAGO PIZZA,1853 SOLANO AVE,2/15/2012,0,0,0,0,0
37.891671,-122.278879,A.G. FERRARI FOODS,1843 SOLANO AVE,PENDING,-1,-1,-1,-1,-1
37.891649,-122.279267,NATURE'S EXPRESS,1823 SOLANO AVE,4/2/2012,0,0,0,1,0
37.891149,-122.2789,SOLANO UNOCAL,1830 SOLANO AVE,1/18/2012,0,0,0,0,0
37.8912373,-122.2815315,SWEET BASIL,1734 SOLANO AVE,5/9/2012,1,0,0,0,0
37.8541782,-122.2597237,MOKKA,3075 TELEGRAPH AVE,7/19/2012,0,0,0,0,0
37.891212,-122.286307,RIVOLI RESTAURANT,1539 SOLANO AVE,11/2/2011,0,0,0,0,0
37.8914143,-122.28223,VANESSA'S BISTRO,1715 SOLANO AVE,11/28/2011,0,0,0,0,0
37.891461,-122.282569,KING TSIN,1699 SOLANO AVE,3/19/2012,0,0,0,1,0
37.891421,-122.2827985,MIYUKI JAPANESE RESTAURANT,1695 SOLANO AVE,6/11/2012,0,0,0,0,0
37.8913299,-122.2833743,SUSHI 29,1647 SOLANO AVE,3/9/2012,0,0,0,0,0
37.8554152,-122.2603427,GENJI SUSHI,3000 TELEGRAPH AVE,3/22/2012,0,0,0,0,0
37.8554152,-122.2603427,WHOLE FOODS MARKET,3000 TELEGRAPH AVE,3/22/2012,0,0,0,0,0
37.855602,-122.261836,ASHBY CARE CENTER,2270 ASHBY AVE,7/9/2012,0,0,0,0,0
37.8567256,-122.2600552,CHEVRON STATION,2996 TELEGRAPH AVE,10/26/2011,0,0,0,0,0
37.856141,-122.2627,BERKELEY PINES,2223 ASHBY AVE,7/11/2012,0,0,0,0,0
37.8554582,-122.2663246,ROXIE FOOD CENTER,2999 SHATTUCK AVE,1/24/2012,0,0,0,0,0
37.8553363,-122.266526,XTRA OIL CO/CHEVRON,2996 SHATTUCK AVE,1/6/2012,0,0,0,0,0
37.8549901,-122.2667663,U.S. SMOG &amp; GAS,3000 SHATTUCK AVE,1/6/2012,0,0,0,0,0
37.8543537,-122.268898,BLACK &amp; WHITE LIQUOR,3027 ADELINE ST,1/25/2012,0,0,0,0,0
37.854836,-122.2680236,ST PAUL AFRICAN METHODIST,2024 ASHBY AVE,4/24/2012,0,0,0,0,0
37.8588499,-122.243444,BERKELEY TENNIS CLUB,1 TUNNEL RD,5/24/2012,0,0,0,0,0
37.857829,-122.244118,CLAREMONT CHEVRON,3048 ASHBY AVE,7/25/2012,0,0,0,0,0
37.853827,-122.268927,FLACOS,3031 ADELINE ST,1/25/2012,0,0,0,0,0
37.85436,-122.2729126,SOUTH BERKELEY SENIOR CENTER,2939 ELLIS ST,4/12/2012,0,0,0,0,0
37.869098,-122.2903273,DE AFGHANAN KABOB HOUSE,1160 UNIVERSITY AVE,6/15/2011,1,0,0,1,0
37.8912112,-122.284896,LA BEDAINE,1585 SOLANO AVE,4/3/2012,0,0,0,0,0
37.8682603,-122.2958435,LA QUINTA,920 UNIVERSITY AVE,3/29/2012,0,0,0,0,0
37.8708962,-122.2677355,LITTLE HUNAN,124-125 BERKELEY SQ,3/26/2012,0,0,0,0,0
37.87088,-122.2772579,WEST COAST PIZZA,1706 UNIVERSITY AVE,6/20/2012,0,0,0,0,0
37.8712628,-122.2731,VALERO,1894 UNIVERSITY AVE,2/3/2012,0,0,0,0,0
37.8711007,-122.272811,SUSHI CALIFORNIA,2033 M L KING JR WY,7/11/2012,0,0,0,0,0
37.8704871,-122.2666376,CAFE RIO,2146 CENTER ST,2/28/2012,1,0,0,1,0
37.8670217,-122.2587134,JIMMY SHAMIEH,2399 TELEGRAPH AVE,PENDING,-1,-1,-1,-1,-1
37.8687612,-122.286807,CAFE ZESTE,1250 ADDISON ST 109,6/29/2011,0,0,0,1,0
37.8674843,-122.2855952,CHAPARRAL FOUNDATION NURSING,1309 ALLSTON WY,6/18/2012,0,0,0,0,0
37.8709539,-122.2763712,LUTHERAN CHURCH OF THE CROSS,1744 UNIVERSITY AVE,4/18/2012,0,0,0,1,0
37.8621357,-122.2901914,LA VILLA 1 (COMMISSARY),2434 SAN PABLO AVE,PENDING,-1,-1,-1,-1,-1
37.8696328,-122.2874803,UNIVERSITY SHELL,1250 UNIVERSITY AVE,7/26/2012,0,0,0,0,0
37.8800765,-122.2694658,BERKELEY PRODUCE CENTER,1500 SHATTUCK AVE,11/7/2011,0,0,0,0,0
37.8688425,-122.293124,BOMBAY SPICE HOUSE,1036 UNIVERSITY AVE,3/28/2012,0,0,0,0,0
37.8790098,-122.2960485,REI,1338 SAN PABLO AVE,1/11/2012,0,0,0,0,0
37.8749226,-122.2940866,GENKI JAPANESE RESTAURANT,1610 SAN PABLO AVE,3/27/2012,0,0,0,1,0
37.8750232,-122.2939498,CAFÉ' FANNY,1603 SAN PABLO AVE,PENDING,-1,-1,-1,-1,-1
37.8697531,-122.2922584,99C ONLY STORES,1941 SAN PABLO AVE,7/13/2011,0,0,0,0,0
37.8699137,-122.2876205,MARINA LIQUORS,1265 UNIVERSITY AVE,7/26/2012,0,0,0,0,0
37.869768,-122.2875324,YOUR PLACE THAI CUISINE,1267 UNIVERSITY AVE,6/27/2011,1,0,0,0,0
37.8703775,-122.2834016,BANGKOK THAI CUISINE,1459 UNIVERSITY AVE,7/23/2012,0,0,0,1,0
37.8623661,-122.2808677,MEHAK INDIAN CUISINE,2449 SACRAMENTO ST,6/4/2012,0,0,0,1,0
37.8622728,-122.2814582,THE HOMEMADE CAFE,2454 SACRAMENTO ST,7/18/2011,0,0,1,1,0
37.8683711,-122.2918623,LOCAL 123 CAFE,2049 SAN PABLO AVE,11/21/2011,0,0,0,0,0
37.8685563,-122.2918733,LUCA CUCINA ITALIANA,2057 SAN PABLO AVE,1/5/2012,0,0,0,0,0
37.8679234,-122.2916613,ACME BAR,2115 SAN PABLO AVE,12/14/2011,0,0,0,1,0
37.8691116,-122.2916024,KABANA RESTAURANT,1106 UNIVERSITY AVE,6/18/2012,0,0,0,1,0
37.8700576,-122.2837329,ANDRONICO'S PARK &amp; SHOP,1414 UNIVERSITY AVE,PENDING,-1,-1,-1,-1,-1
37.869004,-122.2921763,BOMBAY MUSIC.COM,2000 SAN PABLO AVE,12/14/2011,0,0,0,0,0
37.8682745,-122.2919494,MIDDLE EAST MARKET,2054 SAN PABLO AVE,1/25/2012,0,0,0,1,0
37.868264,-122.2919461,LITTLE PABLO TAQUERIA,2056 SAN PABLO AVE,8/17/2011,1,0,0,1,0
37.8680834,-122.2918898,MI TIERRA FOODS #2,2082 SAN PABLO AVE,1/24/2012,0,0,0,1,0
37.8533577,-122.278937,U.S. LIQUOR,2997 SACRAMENTO ST,3/12/2012,0,0,0,0,0
37.8516673,-122.278519,FOOD TOWN MARKET,3049 SACRAMENTO ST,6/14/2012,0,0,0,0,0
37.8707236,-122.2805008,HIMALAYAN FLAVORS,1585 UNIVERSITY AVE,12/12/2011,0,0,1,0,0
37.8709127,-122.2769108,EDOKO JAPANESE RESTAURANT,1722 UNIVERSITY AVE,4/18/2012,0,0,0,0,0
37.8712072,-122.2746706,BAZAAR OF INDIA,1810 UNIVERSITY AVE,4/18/2012,0,0,0,0,0
37.850004,-122.2705265,DOMINO'S PIZZA,3219 ADELINE ST,8/12/2011,0,0,0,0,0
37.850019,-122.2708281,LAS PALMAS,3221 ADELINE ST,7/18/2012,1,0,0,1,0
37.8502197,-122.2712509,NICK'S LOUNGE,3218 ADELINE ST,11/16/2011,0,0,0,0,0
37.8497069,-122.2711559,J &amp; B FINE FOODS,3242 ADELINE ST,3/30/2012,0,0,0,1,0
37.8731255,-122.2686847,LHASA KARNAK HERB CO.,1938 SHATTUCK AVE,1/5/2012,0,0,0,0,0
37.8729688,-122.268326,EVERGREEN DELI &amp; JUICE BAR,1951 SHATTUCK AVE,6/15/2012,0,0,0,0,0
37.8804576,-122.2691375,ZATAR,1981 SHATTUCK AVE,7/11/2012,0,0,0,0,0
37.8804575,-122.2691375,BRAZIL FRESH SQUEEZED,1983 SHATTUCK AVE,5/2/2012,0,0,0,0,0
37.8718166,-122.2723835,PLEARN THAI RESTAURANT,1923 UNIVERSITY AVE,5/21/2012,0,0,0,1,0
37.8686264,-122.2593157,ESPRESSO ROMA/C'EST CAFÉ,2490 BANCROFT WY,6/4/2012,1,0,0,0,0
37.8686753,-122.2585495,SAN FRANCISCO SOUP CO.,2512 BANCROFT WY,6/4/2012,0,0,0,0,0
37.8686817,-122.2587336,JAMBA JUICE,2514 BANCROFT WY,4/23/2012,0,0,0,0,0
37.8686702,-122.2586469,FAT NATE INC. DBA YOGURTLAND,2516 BANCROFT WY,4/3/2012,0,0,0,0,0
37.868859,-122.2579748,INDIAN FLAVOR EXPRESS,2548 BANCROFT WY,4/3/2012,1,0,0,0,0
37.8688675,-122.2579038,MOCCACINO CAFE,2552 BANCROFT WY,4/16/2012,0,0,0,0,0
37.8687827,-122.2578922,SFOOF'S WOOFLE CAFE,2554 BANCROFT WY,PENDING,-1,-1,-1,-1,-1
37.8688985,-122.2576455,JULIE'S HEALTHY CAFE,2562 BANCROFT WY,4/23/2012,2,0,0,1,0
37.8692854,-122.2546207,CAFE STRADA,2300 COLLEGE AVE,2/24/2012,1,0,0,0,0
37.8673998,-122.2620939,CREATIVE LIVING CENTER,2340 DURANT AVE,5/4/2012,0,0,0,0,0
37.8675441,-122.259572,MICHELLE'S YOGURT &amp; SWEETS,2430 DURANT AVE,4/17/2012,0,0,0,0,0
37.8679768,-122.2578252,SWEETHEART CAFE &amp; TEA,2523 DURANT AVE,4/3/2012,1,0,0,1,0
37.8679813,-122.2575609,LA BURITTA,2530 DURANT AVE,11/4/2011,1,0,0,1,0
37.8652379,-122.2582112,GIANT BONGO BURGER,2505 DWIGHT WY,5/9/2012,0,0,0,0,0
37.868452,-122.259391,WALGREENS #10045,2310 TELEGRAPH AVE,5/21/2012,0,0,0,0,0
37.8679918,-122.2592021,BLONDIE'S,2340 TELEGRAPH AVE,1/11/2012,0,0,0,1,0
37.8679437,-122.2592771,NOAH'S BAGELS,2344 TELEGRAPH AVE,3/27/2012,0,0,0,1,0
37.867699,-122.2587069,SMART ALEC'S,2355 TELEGRAPH AVE,7/10/2012,1,0,0,1,0
37.867294,-122.2586498,TAKO SUSHI,2379 TELEGRAPH AVE,6/27/2012,0,0,0,1,0
37.8664082,-122.2590562,RALEIGH'S,2438 TELEGRAPH AVE,10/26/2011,1,0,0,0,0
37.8661698,-122.2588099,CAFE INTERMEZZO,2442 TELEGRAPH AVE,10/26/2011,0,0,0,0,0
37.8651422,-122.2584516,ANN'S KITCHEN,2498 TELEGRAPH AVE,6/18/2012,1,0,0,0,0
37.87125,-122.269696,BERKELEY REPERTORY THEATRE,2015 ADDISON ST,PENDING,-1,-1,-1,-1,-1
37.8712872,-122.2675193,HOT CUP,2107 ADDISON ST,7/29/2011,0,0,0,0,0
37.8694699,-122.2674549,GRUB-N-GO,2109 ALLSTON WY,4/20/2012,1,0,0,1,0
37.8697487,-122.2660694,SATURN CAFE,2175 ALLSTON WY,2/27/2012,2,0,0,1,0
37.8703463,-122.2677606,LITTLE MANDARIN,139 BERKELEY SQ,6/14/2012,1,0,0,0,0
37.8703227,-122.2678206,OASIS GRILL,2114 CENTER ST,5/22/2012,1,0,0,0,0
37.8701999,-122.266645,SPORTIVO,2142 CENTER ST,4/26/2012,1,0,0,1,0
37.8703723,-122.2666582,QUIZNO'S SUB,2144 CENTER ST,6/14/2012,0,0,0,0,0
37.8704933,-122.2665929,BAGEL STREET CAFE,2148 CENTER ST,5/22/2012,1,0,0,0,0
37.8703866,-122.2664769,CU JAPANESE FUSION,2152 CENTER ST,6/14/2012,0,0,0,0,0
37.8703782,-122.2664037,BONGO BURGER,2154 CENTER ST,5/3/2012,0,0,0,0,0
37.8681653,-122.2697381,BARTLETTE'S ORGANIC COFFEE,2020 KITTREDGE ST,PENDING,-1,-1,-1,-1,-1
37.8719408,-122.2676287,BIRYANI HOUSE,2011 SHATTUCK AVE,1/6/2012,1,0,0,1,0
37.880457,-122.2691376,K P DELI,2012 SHATTUCK AVE,4/5/2012,0,0,0,1,0
37.8804568,-122.2691376,YU-YING GARDEN,2025 SHATTUCK AVE,4/4/2012,1,0,0,1,0
37.8712798,-122.2677653,SAIGON EXPRESS,2045 SHATTUCK AVE,7/29/2011,1,0,0,1,0
37.8804554,-122.2691376,GELATERIA NAIA,2106 SHATTUCK AVE,4/9/2012,0,0,0,0,0
37.8804554,-122.2691376,TAPIOCA EXPRESS,2110 SHATTUCK AVE,5/10/2012,0,0,0,0,0
37.8698875,-122.2679929,ALMARE,2170 SHATTUCK AVE,3/5/2012,0,0,0,0,0
37.8698207,-122.2680024,ALLSTAR CAFE,2172 SHATTUCK AVE,8/10/2011,1,0,0,1,0
37.8692531,-122.2678537,PLANET JUICE,2205 SHATTUCK AVE,4/22/2011,0,0,0,1,0
37.8684987,-122.2677797,E-Z STOP DELI,2233 SHATTUCK AVE,6/28/2012,1,0,0,1,0
37.8686258,-122.2676309,BURGER MEISTER,2237 SHATTUCK AVE,6/28/2012,0,0,0,0,0
37.8683779,-122.2676184,PEET'S COFFEE &amp; TEA/2257SHAT,2257 SHATTUCK AVE,5/3/2012,0,0,0,0,0
37.8678324,-122.2680845,THE SHATTUCK LOUNGE,2284 SHATTUCK AVE,PENDING,-1,-1,-1,-1,-1
37.8661957,-122.2673496,LA NOTE,2377 SHATTUCK AVE,7/26/2012,0,0,0,0,0
37.8645333,-122.2675175,TUK TUK THAI CAFE,2468 SHATTUCK AVE,3/21/2012,1,0,0,1,0
37.8713078,-122.2677789,SUBWAY SANDWICHES,92 SHATTUCK SQ,3/16/2012,1,0,0,0,0
37.8715121,-122.2728744,CHAAT CAFE,1902 UNIVERSITY AVE,7/2/2012,1,0,0,1,0
37.8716999,-122.2714228,CHOCOLATIER BLUE,1964 UNIVERSITY AVE,7/2/2012,0,0,0,0,0
37.8717087,-122.2713583,SLOW RESTAURANT,1966 UNIVERSITY AVE,7/24/2012,1,0,0,1,0
37.8717904,-122.2701828,CAFE TIBET,2020 UNIVERSITY AVE,2/8/2012,0,0,0,0,0
37.871812,-122.2700318,JAYAKARTA RESTAURANT,2026 UNIVERSITY AVE,7/24/2012,0,0,0,0,0
37.8719393,-122.2695634,MERIDIAN INT'L SPORTS CAFE,2050 UNIVERSITY AVE,PENDING,-1,-1,-1,-1,-1
37.8719915,-122.2691445,RYOWA NOODLE HOUSE,2068 UNIVERSITY AVE,7/26/2012,1,0,0,1,0
37.8719305,-122.2689783,BOBBY G'S PIZZERIA,2074 UNIVERSITY AVE,5/14/2012,0,0,0,0,0
37.8721509,-122.267288,LUCKY HOUSE,2140 UNIVERSITY AVE,4/4/2012,0,0,0,1,0
37.863927,-122.2664969,MUSASHIYA CORPORATION,2126 DWIGHT WY,4/5/2012,0,0,0,0,0
37.8640077,-122.2660889,BERKELEY EMERGENCY FOOD &amp; HOUSING,2140 DWIGHT WY,4/2/2012,0,0,0,0,0
37.8638194,-122.2674247,FRAUSTO'S RESTAURANT,2504 SHATTUCK AVE,5/9/2012,1,0,0,1,0
37.8644398,-122.2630895,ROXIE FOOD CENTER,2250 DWIGHT WY,4/2/2012,0,0,0,0,0
37.8650758,-122.2583116,PEET'S COFFEE &amp; TEA/TEL,2501 TELEGRAPH AVE,3/28/2012,0,0,0,0,0
37.8646781,-122.2587795,RACHA CAFE,2516 TELEGRAPH AVE,7/16/2012,0,0,0,0,0
37.864689,-122.2584462,FRED'S MARKET,2521 TELEGRAPH AVE,7/16/2012,0,0,0,0,0
37.8644167,-122.2583854,PHO K &amp; K,2533 TELEGRAPH AVE,7/16/2012,0,0,0,0,0
37.8640007,-122.258612,PASTA BENE,2565 TELEGRAPH AVE,7/23/2012,0,0,0,0,0
37.8624554,-122.2588622,SUBWAY SANDWICHES AND SALADS,2618 TELEGRAPH AVE,8/9/2011,0,0,0,0,0
37.858736,-122.2669054,SCONEHENGE BAKERY CAFE,2787 SHATTUCK AVE,7/5/2012,2,0,0,1,0
37.8557886,-122.2663913,ROCKY'S HAMBURGERS &amp; CHEESETEA,2929 SHATTUCK AVE,7/10/2012,0,0,0,0,0
37.8556356,-122.2665266,TAQUERIA LA FAMILIA,2971 SHATTUCK AVE,7/11/2012,1,0,0,1,0
37.8555159,-122.2663441,EMILIA'S,2995 SHATTUCK AVE,3/15/2012,0,0,0,0,0
37.8571294,-122.2533767,DREAM FLUFF DONUTS,2637 ASHBY AVE,5/21/2012,0,0,0,0,0
37.8583041,-122.2533003,ELMWOOD CAFE,2900 COLLEGE AVE,7/9/2012,0,0,0,0,0
37.8579976,-122.2532557,SHEN HUA,2914 COLLEGE AVE,5/3/2012,1,0,0,1,0
37.8577464,-122.253133,FILIPPO'S PASTARIA,2930 COLLEGE AVE,6/13/2012,2,0,0,1,0
37.8574599,-122.2535423,ICI ICE CREAM,2948 COLLEGE AVE,4/3/2012,0,0,0,0,0
37.8590634,-122.258926,TAI-SAN RESTAURANT,2811 TELEGRAPH AVE,7/23/2012,1,0,0,1,0
37.8567934,-122.259368,ETHIOPIA RESTAURANT,2955 TELEGRAPH AVE,2/29/2012,0,0,0,0,0
37.862003,-122.2533198,COFFEE SACK,2701 COLLEGE AVE,7/9/2012,0,0,0,0,0
37.8617898,-122.2533152,DERBY FOOD CENTER,2707 COLLEGE AVE,7/10/2012,0,0,0,1,0
37.8578364,-122.2530072,BEANERY,2925 COLLEGE AVE,5/15/2012,0,0,0,0,0
37.8584899,-122.2443496,THE BREAD GARDEN,2912 DOMINGO AVE,5/24/2012,0,0,0,1,0
37.8586099,-122.2439083,PEET'S COFFEE &amp; TEA/DOM,2916 DOMINGO AVE,5/30/2012,0,0,0,0,0
37.8585856,-122.2441783,RICK &amp; ANN'S INC.,2922 DOMINGO AVE,5/22/2012,1,0,0,0,0
37.8585439,-122.2527186,NABOLOM,2708 RUSSELL ST,4/19/2012,0,0,0,1,0
37.8544212,-122.2482689,SEMIFREDDI'S,3084 CLAREMONT AVE,3/19/2012,0,0,0,0,0
37.856804,-122.2529342,HOLY LAND,2965 COLLEGE AVE,4/4/2012,0,0,0,1,0
37.856652,-122.2527361,MANPUKU,2977 COLLEGE AVE,4/19/2012,0,0,0,1,0
37.8517249,-122.2525068,TARA'S ORGANIC ICE CREAM,3173 COLLEGE AVE,4/19/2012,0,0,0,0,0
37.8510588,-122.2524735,POWELL'S SWEET SHOPPE,3206 COLLEGE AVE,5/29/2012,0,0,0,0,0
37.8812488,-122.2892547,TINY THAI,1316 GILMAN ST,5/25/2011,0,0,0,1,0
37.8805299,-122.2958973,PIC 'N PAC LIQUORS,1296 SAN PABLO AVE,1/11/2012,0,0,0,0,0
37.891037,-122.2856803,TAQUERIA TALAVERA,1561 SOLANO AVE,4/2/2012,0,0,0,0,0
37.8912331,-122.2847967,BARNEY'S,1591 SOLANO AVE,5/15/2012,0,0,0,1,0
37.8912864,-122.2847308,LIU'S KITCHEN,1593 SOLANO AVE,5/3/2012,0,0,0,0,0
37.8912633,-122.2846004,KYOTO,1599 SOLANO AVE,2/7/2012,0,0,0,0,0
37.8912528,-122.2840682,SUBWAY RESTAURANT,1615 SOLANO AVE,6/11/2012,0,0,0,0,0
37.8913094,-122.2834703,EVEREST CAFE,1645 SOLANO AVE,2/7/2012,0,0,0,0,0
37.8913094,-122.2823767,TANGERINE,1707 SOLANO AVE,6/11/2012,0,0,0,0,0
37.891371,-122.2823354,THE XOCOLATE BAR,1709 SOLANO AVE,7/26/2012,0,0,0,0,0
37.8914885,-122.2799783,STARBUCKS COFFEE #570,1799 SOLANO AVE,6/6/2012,0,0,0,0,0
37.8915084,-122.2792112,PEET'S COFFEE &amp; TEA/SOL,1825 SOLANO AVE,3/12/2012,0,0,0,0,0
37.8912593,-122.2774835,AJANTA RESTAURANT,1888 SOLANO AVE,3/1/2012,0,0,1,1,0
37.8913696,-122.2774454,BANGKOK JAM,1892 SOLANO AVE,3/15/2012,0,0,0,0,0
37.891653,-122.2773502,JERUSALEM ORGANIC KITCHEN,1897 SOLANO AVE,2/29/2012,0,0,0,1,0
37.8818002,-122.2814292,GIOIA PIZZERIA,1586 HOPKINS ST,6/12/2012,0,0,0,0,0
37.8814348,-122.2695567,SAFEWAY STORE #691,1444 SHATTUCK AVE,7/12/2011,0,0,0,0,0
37.8807796,-122.2691621,MASSE'S PASTRIES,1469 SHATTUCK AVE,7/25/2012,0,0,0,0,0
37.8799915,-122.2694861,THE CHEESE BOARD  INC.,1504 SHATTUCK AVE,5/22/2012,0,0,0,0,0
37.8804655,-122.2691371,THE CHEESE BOARD PIZZA,1510 SHATTUCK AVE,5/22/2012,0,0,0,1,0
37.8802325,-122.2686255,THE JUICE BAR COLLECTIVE,2114 VINE ST,5/14/2012,0,0,0,0,0
37.8803137,-122.2684419,PEET'S COFFEE &amp; TEA/VINE,2124 VINE ST,6/6/2011,0,0,0,1,0
37.8798768,-122.2681511,CHESTER'S BAY VIEW CAFE,1510 WALNUT ST,2/7/2012,0,0,0,0,0
37.8767608,-122.2686718,POULET,1685 SHATTUCK AVE,3/28/2012,0,0,0,0,0
37.8804625,-122.2691373,CHA-YA RESTAURANT,1686 SHATTUCK AVE,5/9/2012,0,0,0,0,0
37.880461,-122.2691373,PARTY SUSHI,1776 SHATTUCK AVE,6/13/2012,0,0,0,0,0
37.8751486,-122.2689024,FAST FOODS RESTAURANT,1782 SHATTUCK AVE,6/14/2012,0,0,0,0,0
37.8711695,-122.2682544,CORSO,1786-88 SHATTUCK AVE,11/3/2011,1,0,0,1,0
37.8749046,-122.2688733,FERTILE GROUNDS,1796 SHATTUCK AVE,3/19/2012,0,0,0,0,0
37.8758035,-122.2600761,JASMINE THAI,1805 EUCLID AVE,2/21/2012,0,0,0,0,0
37.876413,-122.2603647,BREWED AWAKENING INC.,1807 EUCLID AVE,6/14/2012,0,0,0,0,0
37.8755518,-122.2602566,LA BURRITA,1832 EUCLID AVE,7/16/2012,0,0,0,0,0
37.8755322,-122.2603641,LA VAL'S GARDENS INC.,1834-40 EUCLID AVE,7/16/2012,1,0,0,1,0
37.8756343,-122.2601426,GIANT BONGO BURGER,1839 EUCLID AVE,6/21/2012,0,0,0,0,0
37.8755216,-122.2604209,BANANA SAM'S CAFE,1842 EUCLID AVE,6/6/2012,0,0,0,0,0
37.8753875,-122.2602241,CAFE NEFELI,1854 EUCLID AVE,12/7/2011,0,0,0,0,0
37.8753183,-122.2603653,VINNIE'S CHEESESTEAKS,1866 EUCLID AVE,7/19/2012,0,0,0,0,0
37.8752509,-122.2602815,URBANN TURBANN,1870 EUCLID AVE,5/23/2012,0,0,0,1,0
37.8751374,-122.2600396,T.C. GARDEN,2507 HEARST AVE B,7/18/2011,0,0,0,0,0
37.8648684,-122.2987068,COOKERY,724 ALLSTON WY,12/13/2011,0,0,0,1,0
37.8785842,-122.2966529,SUSHI BANZAI,1019 CAMELIA ST,6/22/2011,0,0,1,1,0
37.8551825,-122.2923009,900 GRAYSON,900 GRAYSON ST,6/22/2012,1,0,0,0,0
37.8513905,-122.2881338,HUDSON FISH,1028 MURRAY ST,6/20/2011,0,0,0,0,0
37.8661921,-122.317496,BERKELEY YACHT CLUB,1 SEAWALL DR,9/1/2011,0,0,0,0,0
37.8639618,-122.3130447,BERKELEY MARINA SPORTS CENTER,225 UNIVERSITY AVE,3/30/2012,0,0,0,1,0
37.8697253,-122.3007181,ZUT ON FOURTH,1820 FOURTH ST,10/19/2011,1,0,0,0,0
37.8694337,-122.3007721,O CHAME,1830 FOURTH ST,7/2/2012,0,0,0,1,0
37.8646041,-122.2987713,JUNE TAYLOR COMPANY,2207 FOURTH ST,1/9/2012,0,0,0,0,0
37.873117,-122.3002,CAFE FANNY COMMISSARY,1619 FIFTH ST,1/20/2012,1,0,0,0,0
37.8753898,-122.3000703,OCEAN VIEW MARKET,1468 SIXTH ST,7/13/2012,0,0,0,0,0
37.8588489,-122.293476,TRUMPETVINE CATERING,2533 SEVENTH ST,7/9/2012,0,0,0,0,0
37.8547965,-122.2919792,UNCOMMON CAFE,2817 7TH ST,6/22/2012,1,0,0,1,0
37.859256,-122.2913854,WEST SIDE BAKERY CAFE,2570 NINTH ST,7/10/2012,0,0,0,1,0
37.8683717,-122.2961327,PURE CONVENIENCE STORE,913 UNIVERSITY AVE,3/29/2012,1,0,0,0,0
37.8687386,-122.2929711,THE CHEESE STEAK SHOP,1054 UNIVERSITY AVE,3/28/2012,0,0,0,0,0
37.8536964,-122.2795871,SACRAMENTO MARKET,2974 SACRAMENTO ST,6/14/2012,0,0,0,1,0
37.8534653,-122.2793904,BIOFUEL OASIS COOPERATIVE,1441 ASHBY AVE,2/23/2012,0,0,0,0,0
37.878049,-122.2693273,CREPEVINE,1600 SHATTUCK AVE 118,2/9/2012,0,0,0,0,0
37.8752226,-122.2601916,NORTHSIDE CAFE,1878 EUCLID AVE,5/23/2012,0,0,0,0,0
37.8751965,-122.2598181,GOMNARU RESTAURANT,2505 HEARST AVE D,4/17/2012,0,0,0,1,0
37.8648684,-122.2987068,BARBARY BRIX,724 ALLSTON WY,12/13/2011,0,0,0,1,0
37.8609905,-122.2900244,ANCHALEE THAI CUISINE,1094-96 DWIGHT WY,6/29/2011,1,0,0,1,0
37.8807994,-122.3037178,HARRISON HOUSE,711 HARRISON ST,4/27/2011,0,0,0,0,0
37.8513995,-122.2880905,EVENT,1030 MURRAY ST,6/20/2011,0,0,0,0,0
37.8648518,-122.3177326,SKATES ON THE BAY,100 SEAWALL DR,7/11/2011,0,0,0,0,0
37.8715926,-122.272747,BRENNAN'S,700 UNIVERSITY AVE 3RDST,4/19/2012,0,0,0,1,0
37.8507359,-122.2859526,EASY LIQUOR AND GROCERY,3045 SAN PABLO AVE,3/23/2012,0,0,0,0,0
37.8714377,-122.2927345,CASA LATINA BAKERY,1805 SAN PABLO AVE,1/26/2012,0,0,0,1,0
37.851531,-122.286831,TIP TOP LIQUORS &amp; DELI,3012 SAN PABLO AVE,8/10/2011,0,0,0,0,0
37.8535754,-122.2788939,B.B. SEA FOOD,2987 SACRAMENTO ST,7/11/2012,0,0,0,0,0
37.851352,-122.290901,HONG DU UNOCAL,901 ASHBY AVE,PENDING,-1,-1,-1,-1,-1
37.8528809,-122.2937552,RIVA CUCINA,800 HEINZ AVE,6/22/2012,0,0,0,1,0
37.853335,-122.290127,BERKELEY BOWL WEST #1-7,920 HEINZ AVE,7/19/2011,0,0,0,1,0
37.8536669,-122.2949042,LUNCH BOX CAFE,729 HEINZ AVE,6/22/2012,0,0,0,1,0
37.8691769,-122.2738705,BERKELEY CITY JAIL,2171 MCKINLEY AVE,PENDING,-1,-1,-1,-1,-1
37.855692,-122.289434,CALIFORNIA ROSE CATERING,1012 GRAYSON ST,6/13/2011,0,0,0,0,0
37.8556497,-122.2882531,VITAL VITTLES,2810 SAN PABLO AVE,4/5/2011,0,0,0,0,0
37.8544249,-122.2713834,ASHBY SUPER MARKET,2948 M L KING JR WY,6/19/2012,0,0,0,0,0
37.85441,-122.287043,PIMAX INC. DBA C &amp; M MEAT CO.,2843 SAN PABLO AVE,5/8/2012,0,0,0,0,0
37.8483918,-122.2757164,ALCATRAZ MARKET,1601 ALCATRAZ AVE,2/7/2012,0,0,0,0,0
37.8728198,-122.2732733,NINO'S,1916 M L KING JR WY,1/12/2012,1,0,0,0,0
37.8680122,-122.2585679,DIYAR MEDITERRANIAN CUISINE,2511 DURANT AVE,6/18/2012,1,0,0,1,0
37.8563049,-122.2798784,THE BOOT STRAPPER,2836 SACRAMENTO ST,2/23/2012,0,0,0,1,0
37.8560977,-122.2798966,BOB'S LIQUORS,2842 SACRAMENTO ST,2/23/2012,0,0,0,0,0
37.8650643,-122.2590903,JOSHUYA,2441 DWIGHT WY,6/29/2012,0,0,0,0,0
37.8675082,-122.2589308,NAAN AND CURRY,2366 TELEGRAPH AVE,3/20/2012,2,0,0,0,0
37.8663722,-122.2588029,CHO KOREAN BAR-B-QUE,2428 TELEGRAPH AVE,7/1/2011,1,0,0,1,0
37.8692247,-122.2685565,HOTEL SHATTUCK,2086 ALLSTON WY,7/23/2012,1,0,0,1,0
37.8704089,-122.2672024,LE REGAL,2126 CENTER ST,5/24/2012,0,0,0,0,0
37.8564003,-122.2754458,MCGEE'S MARKET,2828 MCGEE AVE,3/16/2012,0,0,0,0,0
37.8687432,-122.2671954,CALIFORNIA CINEMA,2113 KITTREDGE ST,PENDING,-1,-1,-1,-1,-1
37.8686744,-122.2666514,RAZAN'S CAFE,2119 KITTREDGE ST,3/8/2012,1,0,0,1,0
37.8638062,-122.2719241,BERKELEY DISCOUNT &amp; DELI,2439 M L KING JR WY,4/18/2012,0,0,0,0,0
37.8650856,-122.2674132,ANZU,2433 SHATTUCK AVE,3/15/2012,1,0,0,1,0
37.857161,-122.275602,MCGEE AVE BAPTIST CHURCH,1640 STUART ST,5/2/2012,0,0,0,0,0
37.864326,-122.2588817,TELEGRAPH AVENUE MARKET,2552 TELEGRAPH AVE,6/13/2012,0,0,0,0,0
37.8563619,-122.270748,WAT MONGKOLRATAMARAN,1911 RUSSELL ST,5/3/2012,0,0,0,0,0
37.8594181,-122.2665583,SCONEHENGE BAKERY,2102 WARD ST,7/5/2012,1,0,0,0,0
37.857071,-122.267396,BERKELEY BOWL KITCHEN,2020 OREGON ST,5/4/2012,1,0,0,1,0
37.857987,-122.267274,WALGREENS #4614,2801 ADELINE ST,4/24/2012,0,0,0,0,0
37.856386,-122.253232,HOUSE OF CURRIES,2984 COLLEGE AVE,4/4/2012,0,0,0,1,0
37.8575288,-122.2663532,ELMWOOD NURSING &amp; REHAB,2829 SHATTUCK AVE,7/23/2012,0,0,0,0,0
37.8558443,-122.2733875,BUSD FOOD SERVICE WAREHOUSE,1733 RUSSELL ST,2/27/2012,0,0,0,0,0
37.858954,-122.259683,LOCANDA DA EVA,2826 TELEGRAPH AVE,PENDING,-1,-1,-1,-1,-1
37.8751965,-122.2598181,PEPPERMINT GRILL,2505 HEARST AVE B,7/12/2012,0,0,0,0,0
37.8699523,-122.2718515,DOROTHY DAY HOUSE,1931 CENTER ST,2/6/2012,0,0,0,1,0
37.8519503,-122.2888679,ORCHARD SUPPLY HARDWARE,1025 ASHBY AVE,6/16/2011,0,0,0,0,0
37.859149,-122.2601824,INT'L SOCIETY FOR KRISHNA,2334 STUART ST,5/2/2012,0,0,0,0,0
37.8913992,-122.2785472,ANDRONICO'S PARK &amp; SHOP,1850 SOLANO AVE,10/11/2011,0,0,0,1,0
37.8661785,-122.2678955,CHRIS THAI CUISINE,2364 SHATTUCK AVE,6/7/2012,0,0,0,0,0
37.8669013,-122.2583569,PAPAMINGO FROZEN YOGURT,2510 CHANNING WY,PENDING,-1,-1,-1,-1,-1
37.8722104,-122.2683862,EL SOMBRERO TAQUERIA,2101 UNIVERSITY AVE,PENDING,-1,-1,-1,-1,-1
37.8585744,-122.243905,FRESH &amp; BEST RESTAURANT,2924 DOMINGO AVE,5/22/2012,0,0,0,0,0
37.8679812,-122.2598974,YOGURT PARK INC.,2433 DURANT AVE A,4/26/2012,0,0,0,1,0
37.867634,-122.258123,PEPE'S PIZZA,2516 DURANT AVE #B,2/10/2012,1,0,0,1,0
37.868183,-122.258261,KIM'S KIMCHI GARDEN,2517 DURANT AVE B,3/30/2011,1,0,0,1,0
37.868183,-122.258261,CAFE DURANT,2517- DURANT AVE C,2/7/2012,1,0,0,1,0
37.868183,-122.258261,CHANG LUONG RESTAURANT,2517 DURANT AVE D,4/17/2012,0,0,0,0,0
37.868144,-122.2580885,THAI BASIL CUISINE OF THAILAND,2519 DURANT AVE G,6/12/2012,0,0,0,1,0
37.8679625,-122.2579367,STEVE'S KOREAN BAR-B-Q,2521 DURANT AVE F,6/5/2012,0,0,0,0,0
37.8683811,-122.2589063,CHIPOTLE MEXICAN GRILL,2311 TELEGRAPH AVE,3/27/2012,0,0,0,0,0
37.8633682,-122.2588592,MOUNT EVEREST RESTURANT,2598 TELEGRAPH AVE,3/14/2012,0,0,0,1,0
37.8676284,-122.2602886,CHEESE 'N STUFF,2442 DURANT AVE,3/22/2012,0,0,0,0,0
37.8685862,-122.2679782,FINS RESTAURANT,2240 SHATTUCK AVE,3/5/2012,1,0,0,1,0
37.8667421,-122.2591663,CHINESE EXPRESS,2488 CHANNING WY,5/15/2012,1,0,0,1,0
37.8751965,-122.2598181,AKI'S RESTAURANT,2505 HEARST AVE C,4/17/2012,0,0,0,0,0
37.8709722,-122.2718238,ZABU ZABU,1919 ADDISON ST,6/1/2012,1,0,0,1,0
37.8705409,-122.2704986,WHAT'S UP DOG,2109 MILVIA ST,PENDING,-1,-1,-1,-1,-1
37.8507745,-122.2860603,BERKELEY DONUT SHOP,3043 SAN PABLO AVE,3/23/2012,1,0,0,1,0
37.859435,-122.258847,MUDRACKERS,2801 TELEGRAPH AVE,5/17/2012,1,0,0,0,0
37.8588201,-122.2528181,7-ELEVEN #16192,2887 COLLEGE AVE,1/12/2012,0,0,0,0,0
37.8700549,-122.2676811,GOODSONS/GNC,2165 SHATTUCK AVE,4/11/2012,0,0,0,0,0
37.8698731,-122.267805,CAL TAQUERIA,2177 SHATTUCK AVE #A,6/11/2012,1,0,0,0,0
37.8693032,-122.2981089,WEST BERKELEY SENIOR CENTER,1900 6TH ST,11/3/2011,0,0,0,1,0
37.852648,-122.286478,WALGREENS #2609,2995 SAN PABLO AVE,1/10/2012,0,0,0,0,0
37.8650135,-122.2672205,SHATTUCK MARKET,2441 SHATTUCK AVE,4/5/2012,0,0,0,0,0
37.8687679,-122.2683157,SHATTUCK CINEMA,2230 SHATTUCK AVE,4/30/2012,0,0,0,0,0
37.8739354,-122.2686566,OSCAR'S,1890 SHATTUCK AVE,6/7/2012,0,0,0,1,0
37.8625029,-122.2585589,LE BATEAU IVRE/DRUNKEN BOAT,2629 TELEGRAPH AVE,7/17/2012,1,0,0,0,0
37.8688426,-122.268251,PAPA JOHN PIZZA,2222 SHATTUCK AVE,5/24/2012,0,0,0,0,0
37.8687812,-122.2682186,STARBUCKS COFFEE #5406,2224 SHATTUCK AVE,5/14/2012,0,0,0,0,0
37.8686234,-122.2682011,YOGURTLAND,2236 SHATTUCK AVE,4/25/2012,0,0,0,0,0
37.86621,-122.268271,EXTREME PIZZA,2352 SHATTUCK AVE,3/12/2012,1,0,0,1,0
37.85131,-122.2903781,CK INFINITY INC DBA OIVE GROVE,933 ASHBY AVE,PENDING,-1,-1,-1,-1,-1
37.8751353,-122.2601139,TOP DOG,2503 HEARST AVE,7/18/2012,0,0,0,0,0
37.8566382,-122.273507,GROVE RECREATION CENTER,1730 OREGON ST,5/9/2012,0,0,0,0,0
37.867248,-122.2867313,BERKELEY YOUTH ALTERNATIVE,1255 ALLSTON WY,6/16/2011,0,0,0,0,0
37.8718722,-122.2966298,JAMES KENNEY REC CTR SNACK BAR,1720 EIGHTH ST,7/9/2012,0,0,0,1,0
37.8488506,-122.2717309,ADDIE'S PIZZA PIE  LLC,3290 ADELINE ST,6/21/2012,0,0,0,0,0
37.8614137,-122.2979944,VIK'S MARKET  LLC,2380 FOURTH ST,11/3/2011,0,0,0,0,0
37.8635589,-122.2974327,TOMATE CAFE,2265 FIFTH ST,7/17/2012,0,0,0,0,0
37.8723965,-122.2675553,CHUNG DANG,2127 UNIVERSITY AVE,PENDING,-1,-1,-1,-1,-1
37.8649348,-122.2585733,MILANESE CAFFE,2502 TELEGRAPH AVE,10/25/2011,0,0,0,0,0
37.8606145,-122.2896423,SEA SALT,2512 SAN PABLO AVE,3/12/2012,0,0,0,0,0
37.8723394,-122.2673606,LONG LIFE VEGI HOUSE,2129 UNIVERSITY AVE,7/25/2012,0,0,0,0,0
37.8613901,-122.2980635,VIK'S CHAAT CORNER,2390 FOURTH ST,11/3/2011,0,0,0,0,0
37.8669167,-122.3027997,SEABREEZE MARKET &amp; DELI,598 UNIVERSITY AVE,3/30/2012,1,0,0,1,0
37.880457,-122.2691376,THANU'S THAI KITCHEN,2016 SHATTUCK AVE,7/11/2012,0,0,0,0,0
37.8710561,-122.2690445,RAW ENERGY,2050 ADDISON ST,4/24/2012,0,0,0,0,0
37.8702942,-122.3009091,PEET'S COFFEE &amp; TEA/4TH,1776 FOURTH ST,6/25/2012,0,0,1,0,0
37.8703095,-122.3007593,CAFE ROUGE,1782 4TH ST,6/27/2012,0,0,0,1,0
37.8703,-122.3007562,THE PASTA SHOP &amp; WILLY'S PROD.,1786 FOURTH ST,6/27/2012,0,0,0,1,0
37.8702952,-122.3007546,TACUBAYA,1788 FOURTH ST,6/27/2012,0,0,0,0,0
37.8566057,-122.2529864,LA CASCADA,2975 COLLEGE AVE,PENDING,-1,-1,-1,-1,-1
37.8597164,-122.2955048,CAFE 64,800 DWIGHT WY BLDG 64,4/6/2011,0,0,0,0,0
37.8722626,-122.2705891,THE BERKELEY SAUNA,1947 MILVIA ST,PENDING,-1,-1,-1,-1,-1
37.8588226,-122.2449543,VIVA TAQUERIA,2984 RUSSELL ST,1/5/2012,0,0,0,0,0
37.8714519,-122.2681565,CYPRUS RESTAURANT,81 SHATTUCK SQ,7/6/2012,0,0,0,1,0
37.8758231,-122.2603101,HUMMINGBIRD CAFE,1814 EUCLID AVE,6/6/2012,0,0,0,1,0
37.870675,-122.300113,CAFE M,1799 FOURTH ST,7/2/2012,0,0,0,0,0
37.8703432,-122.2658798,IRONWOOD BBQ BERKELEY,2130 OXFORD ST,6/11/2012,1,0,0,0,0
37.8703515,-122.2658812,CINNAHOLIC,2132 OXFORD ST,5/2/2012,0,0,0,0,0
37.8703484,-122.265927,PUNJABI BY NATURE,2134 OXFORD ST,6/28/2012,1,0,0,1,0
37.8701815,-122.2660583,THE SUNNY SIDE CAFE,2136 OXFORD ST,5/2/2012,0,0,0,0,0
37.8705271,-122.2663488,TOP DOG #5,2160 CENTER ST,7/5/2012,0,0,0,1,0
37.8704335,-122.2662693,LA CASCADA,2164 CENTER ST,7/5/2012,1,0,0,0,0
37.8618102,-122.3157263,HS LORDSHIPS,199 SEAWALL DR,PENDING,-1,-1,-1,-1,-1
37.8916786,-122.2776379,KHANA PEENA,1887 SOLANO AVE A,2/29/2012,0,0,0,0,0
37.8729125,-122.2686286,BANGKOK NOODLES,1958 SHATTUCK AVE,12/8/2011,0,0,0,0,0
37.8510447,-122.2526345,EXTREME PIZZA,3204 COLLEGE AVE,5/29/2012,1,0,0,1,0
37.8701884,-122.2831623,MONTE CRISTO TAQUERIA,1446 UNIVERSITY AVE,3/21/2012,0,0,0,1,0
37.8679625,-122.2579367,VIET NAM VILLAGE,2521 DURANT AVE E,5/21/2012,0,0,0,0,0
37.8681021,-122.2592903,CREPES A-GO-GO,2334 TELEGRAPH AVE,6/19/2012,0,0,0,1,0
37.8692606,-122.2914476,LITTLE CAESARS,1109 UNIVERSITY AVE,6/27/2011,0,0,0,0,0
37.873668,-122.2688339,BERKELEY ESPRESSO,1900 SHATTUCK AVE,6/7/2012,0,0,0,1,0
37.8716571,-122.2717382,OCTOBERFEAST BAKERY,1954 UNIVERSITY AVE,2/17/2012,0,0,0,0,0
37.8701015,-122.2681502,PEET'S COFFEE &amp; TEA/2160SHAT,2160 SHATTUCK AVE,6/1/2012,0,0,0,0,0
37.8722457,-122.2681075,MAKRIS CAFE,2105 UNIVERSITY AVE,6/5/2012,0,0,0,0,0
37.8789108,-122.3035215,GILMAN GRILL,1300 FOURTH ST,6/12/2012,0,0,0,1,0
37.859961,-122.2595688,GRAMMA'ROSE GARDEN INN,2740 TELEGRAPH AVE,5/17/2012,0,0,0,1,0
37.8682956,-122.2675998,YOGURT HARMONY,2259 SHATTUCK AVE,4/4/2011,0,0,0,0,0
37.8598258,-122.2580424,WILLARD MIDDLE SCHOOL CAFETERIA,2425 STUART ST,4/10/2012,0,0,0,0,0
37.8670846,-122.2587409,MAOZ VEGETARIAN,2395 TELEGRAPH AVE,1/10/2012,0,0,0,0,0
37.869427,-122.291816,SUBWAY,1101 UNIVERSITY AVE,8/22/2011,0,0,0,0,0
37.8510613,-122.2524367,FLAVORS OF INDIA,3211 COLLEGE AVE,5/9/2012,1,0,0,1,0
37.8537029,-122.2907363,BERKELEY BOWL WEST #7-REST,922 HEINZ AVE,6/1/2012,0,0,0,1,0
37.8511583,-122.2524808,A'CUPPA TEA,3202 COLLEGE AVE,PENDING,-1,-1,-1,-1,-1
37.8800997,-122.2971094,T-REX BARBECUE,1300 TENTH ST,11/2/2011,1,0,0,1,0
37.8542679,-122.2597822,EDIBLE ARRANGEMENTS,3079 TELEGRAPH AVE,7/19/2012,0,0,0,0,0
37.8475736,-122.2722615,SWEET ADELINE BAKERY,3350 ADELINE ST,6/21/2012,0,0,0,0,0
37.879425,-122.296354,WALGREENS #2314,1050 GILMAN ST,6/1/2011,0,0,0,1,0
37.871631,-122.2680416,MORGAN'S CAFE,64 SHATTUCK SQ E,4/18/2012,0,0,0,0,0
37.858654,-122.26814,CRIXA,2748 ADELINE ST C,3/15/2012,0,0,0,0,0
37.8701219,-122.2682093,REVIVAL BAR &amp; KITCHEN,2102 SHATTUCK AVE,10/17/2011,1,0,0,1,0
37.8465662,-122.2730117,STANFORD LIQUOR,3400 ADELINE ST,3/28/2012,0,0,0,0,0
37.8682681,-122.2675885,ANGELINE'S LOUISIANA KITCHEN,2261 SHATTUCK AVE,5/8/2012,1,0,0,0,0
37.8735399,-122.2663795,YALIS OXFORD STREET CAFE,1920 OXFORD ST,3/6/2012,0,0,1,0,0
37.8679812,-122.2598974,CUPCAKE BLISS,2433 DURANT AVE D,PENDING,-1,-1,-1,-1,-1
37.8719164,-122.2681328,VICEROY INDIAN CUISINE,21 SHATTUCK SQ,7/11/2012,1,0,0,1,0
37.878049,-122.2693273,PHILZ COFFEE INC.,1600 SHATTUCK AVE # 100,5/7/2012,0,0,0,1,0
37.878049,-122.2693273,BARNEY'S GOURMET HAMBURGERS,1600 SHATTUCK AVE # 112,12/20/2011,0,0,0,0,0
37.8751965,-122.2598181,CHIANG LAI THAI CUISINE,2505 HEARST AVE # G,2/22/2012,1,0,0,0,0
37.8593328,-122.2667919,KIRALA RESTAURANT,2100 WARD ST,2/22/2012,1,0,0,1,0
37.859609,-122.271999,LEE'S MARKET,2700 M L KING JR WY,8/25/2011,0,0,0,0,0
37.8579868,-122.2775917,FRIENDLY MARKET,1600 WARD ST,3/16/2012,0,0,0,0,0
37.8486668,-122.2706428,CHEN'S GARDEN,1818 ALCATRAZ AVE,4/23/2012,1,0,0,0,0
37.8567668,-122.2879322,BROOM BUSH CAFE,2725 SAN PABLO AVE,5/8/2012,1,0,0,1,0
37.8579339,-122.2883263,NORDIC HOUSE,2709 SAN PABLO AVE,1/10/2012,0,0,0,0,0
37.8591166,-122.2892381,MISSOURI LOUNGE &amp; CAFE,2600 SAN PABLO AVE,4/6/2011,0,0,0,0,0
37.857669,-122.291124,JUAN'S PLACE,941 CARLETON ST,6/23/2011,0,0,0,0,0
37.859737,-122.290687,BUBI'S DELICATESSEN &amp; CATERING,2530 TENTH ST 1,7/5/2012,0,0,0,0,0
37.8604955,-122.2896002,FALLANGHINA LLC DBA PAISAN,2514 SAN PABLO AVE,3/12/2012,1,0,0,0,0
37.860981,-122.289156,BACHEESO II,2501 SAN PABLO AVE,5/10/2011,1,0,0,1,0
37.8589319,-122.2885326,K C BARBEQUE,2613 SAN PABLO AVE,5/8/2012,1,0,0,0,0
37.8500219,-122.2694478,EPHESIAN CHILD CENTER,1907 HARMON ST,7/6/2012,0,0,0,0,0
37.8517482,-122.2785663,FOOD TOWN MARKET,3047 SACRAMENTO ST,6/14/2012,0,0,0,1,0
37.8617429,-122.2806258,MO'JOE CAFE,2517 SACRAMENTO ST,6/4/2012,1,0,0,1,0
37.850195,-122.272541,SO. BERKELEY COMMUNITY CHURCH,1802 FAIRVIEW ST,4/12/2012,0,0,0,1,0
37.8496046,-122.2716966,THE VAULT CAFÉ,3250 ADELINE ST,4/23/2012,1,0,0,0,0
37.8491284,-122.271723,LA BAYOU,3278 ADELINE ST,5/9/2012,0,0,0,0,0
37.8489208,-122.2721875,MING'S KITCHEN,1763 ALCATRAZ AVE,5/26/2011,0,0,0,0,0
37.8809109,-122.3040058,CATALFO FIELD HOUSE,777 HARRISON ST,5/25/2011,0,0,0,0,0
37.870548,-122.267937,JUICE APPEAL,150 BERKELEY SQ STE A,1/18/2012,0,0,0,0,0
37.8711985,-122.2689287,THE JAZZ CAFE,2087 ADDISON ST,4/24/2012,1,0,0,1,0
37.8710978,-122.2689479,AURORA THEATRE CO.,2081 ADDISON ST,PENDING,-1,-1,-1,-1,-1
37.8804553,-122.2691377,SANDWICH ZONE,2117 SHATTUCK AVE,5/7/2012,0,0,0,0,0
37.8584002,-122.2440345,AMPHORA NUEVA BERK. OLIVE OIL,2928 DOMINGO AVE,1/19/2012,0,0,0,0,0
37.8691149,-122.2682339,JOHN'S ICE CREAM,2204 SHATTUCK AVE,3/8/2012,0,0,0,0,0
37.8911,-122.279571,LA FARINE,1820 SOLANO AVE # A,3/16/2012,0,0,0,0,0
37.8609358,-122.2897534,CAFFE TRIESTE,2500 SAN PABLO AVE SW,PENDING,-1,-1,-1,-1,-1
37.8645804,-122.3015843,WATERSIDE WORKSHOPS CAFE,84 BOLIVAR DR,5/3/2011,0,0,0,0,0
37.8698187,-122.2844123,THE BREAD WORKSHOP  LLC,1398 UNIVERSITY AVE,7/12/2011,0,0,0,0,0
37.8670469,-122.2660319,SONOMA COFFEE CAFE,2131 DURANT AVE,5/15/2012,1,0,0,1,0
37.8565835,-122.2927269,NINA'S CAFE,2703 SEVENTH ST,6/22/2012,0,0,0,1,0
37.864683,-122.266847,HERBIVORE RESTAURANT,2451 SHATTUCK AVE,5/4/2012,1,0,0,0,0
37.8763967,-122.2692408,THAI DELIGHT CUISINE CO. LTD,1700 SHATTUCK AVE 102,2/2/2012,0,0,0,0,0
37.879812,-122.268895,PICOSO TAQUERIA,1511 SHATTUCK AVE B,2/16/2012,0,0,0,0,0
37.879812,-122.268895,LUSH GELATO,1511-C SHATTUCK AVE,1/11/2012,0,0,0,0,0
37.879812,-122.268895,KIRALA 2,1511 SHATTUCK AVE D,7/16/2012,0,0,0,0,0
37.879812,-122.268895,ALEGIO CHOCOLATE,1511 SHATTUCK AVE # E,7/11/2011,0,0,0,0,0
37.879812,-122.268895,IMPERIAL TEA COURT,1511 SHATTUCK AVE F,7/11/2012,0,0,0,0,0
37.8798768,-122.2681511,LOVE AT FIRST BITE,1510-G WALNUT ST,5/4/2012,0,0,0,0,0
37.868144,-122.2580885,GYPSY'S TRATTORIA ITALIANO,2519 DURANT AVE A,7/25/2012,1,0,0,1,0
37.868144,-122.2580885,SATAY HOUSE,2519-B DURANT AVE,4/10/2012,1,0,0,1,0
37.868144,-122.2580885,CAL GYROS,2519 DURANT AVE C,4/10/2012,1,0,0,0,0
37.868144,-122.2580885,MANDARIN HOUSE RESTAURANT,2519-D DURANT AVE,6/18/2012,1,0,0,1,0
37.8679625,-122.2579367,KINGPIN DONUTS,2521 DURANT AVE A,4/6/2012,0,0,0,0,0
37.8679625,-122.2579367,PANCHO'S MEXICAN RESTAURANT,2521-B DURANT AVE,5/31/2012,1,0,0,0,0
37.8679625,-122.2579367,BEAR'S RAMEN HOUSE,2521-D DURANT AVE,4/6/2012,1,0,0,1,0
37.869348,-122.26602,GATHER,2200 OXFORD ST,5/2/2012,0,0,0,0,0
37.8797872,-122.2691734,MINT LEAF,1513 SHATTUCK AVE A,5/7/2012,0,0,0,1,0
37.876295,-122.2736913,CANDY BOUQUET,1642 M L KING JR WY,PENDING,-1,-1,-1,-1,-1
37.8745322,-122.2684983,CIOCCOLATA DI VINO,1801 SHATTUCK AVE,5/16/2012,0,0,0,0,0
37.8639074,-122.2589732,FINFINE,2556 TELEGRAPH AVE 8,9/28/2011,0,0,0,0,0
37.8639074,-122.2589732,FONDUE FRED AND CAFE FRED,2556 TELEGRAPH AVE 6,4/4/2012,0,0,0,0,0
37.8639074,-122.2589732,NORIKONOKO JAPANESE REST.,2556 TELEGRAPH AVE 7,3/28/2012,0,0,0,0,0
37.8639074,-122.2589732,KORYO BBQ,2556 TELEGRAPH AVE 8,3/27/2012,0,0,0,1,0
37.8639074,-122.2589732,ARRIBA PERU,2556 TELEGRAPH AVE 14,7/12/2011,0,0,0,1,0
37.8687612,-122.286807,THE PHOENIX PASTIFICIO,1250 ADDISON ST 109,6/29/2011,0,0,0,1,0
37.868183,-122.258261,LITTLE LOTUS HOUSE RESTAURANT,2517 DURANT AVE A,4/26/2012,1,0,0,1,0
37.871312,-122.2765315,PHO ME NOW  LLC,1725 UNIVERSITY AVE,1/31/2012,1,0,0,0,0
37.8699339,-122.2701326,K'S COFFEE HOUSE,2002 CENTER ST,6/8/2012,1,0,0,1,0
37.863683,-122.258976,ROYAL INDIAN CUISINE,2566 TELEGRAPH AVE B,PENDING,-1,-1,-1,-1,-1
37.861742,-122.265229,KYAKAMEENA SANITORIUM,2131 CARLETON ST,6/19/2012,0,0,0,0,0
37.8677974,-122.2582954,BUFFET TOWN,2518 DURANT AVE C,PENDING,-1,-1,-1,-1,-1
37.866845,-122.2665353,BETA LOUNGE,2129 DURANT AVE,12/7/2011,0,0,0,0,0
37.851484,-122.252796,NOAH'S BAGELS,3170 COLLEGE AVE,5/25/2012,0,0,0,0,0
37.867634,-122.258123,BEAR KARAOKE,2516 DURANT AVE # A,5/2/2011,0,0,0,1,0
37.8702981,-122.2840615,FELLINI COFFEE BAR,1401 UNIVERSITY AVE B,2/10/2012,0,0,0,0,0
37.8659389,-122.2676756,BLOCKBUSTER VIDEO,2390 SHATTUCK AVE,PENDING,-1,-1,-1,-1,-1
37.8703354,-122.2670738,IPPUKU,2130 CENTER ST # 101,3/27/2012,0,0,0,1,0
37.8720927,-122.2683586,BELL FORNO,1400-1A SHATTUCK AVE,3/15/2012,0,0,0,1,0
37.881784,-122.269787,LOCOCO'S,1400 SHATTUCK AVE S5,1/5/2012,0,0,1,0,0
37.869134,-122.2910188,CAFE YESTERDAY,1122 UNIVERSITY AVE 104,5/18/2011,0,0,0,1,0
37.854124,-122.2920814,CREMA,2865 SEVENTH ST,5/11/2011,0,0,0,1,0
37.86299,-122.2583756,7-ELEVEN,2601 TELEGRAPH AVE,2/29/2012,0,0,0,0,0
37.8618879,-122.2583266,ANDRONICO'S PARK &amp; SHOP,2655 TELEGRAPH AVE,11/1/2011,1,0,0,1,0
-1,-1,FREE HOUSE,2700 BANCROFT WY,4/30/2012,1,0,0,1,0
37.8692199,-122.2529071,BERKELEY HILLEL,2736 BANCROFT WY,11/30/2011,0,0,0,0,0
37.868766,-122.256558,LE PETIT CHEVAL LLC,2600 BANCROFT WY,4/8/2011,1,0,0,0,0
37.868997,-122.254955,STRADAVARIUS,2680 BANCROFT WY,2/24/2012,0,0,0,1,0
37.867906,-122.256275,HENRY'S PUBLICK HOUSE &amp; GRILLE,2600 DURANT AVE,6/12/2012,1,0,0,1,0
37.865602,-122.258282,CAFFE MEDITERRANEUM,2475 TELEGRAPH AVE,6/29/2012,0,0,0,1,0
37.865831,-122.25802,REMY'S MEXICAN RESTAURANT,2506 HASTE ST,5/9/2012,1,0,0,1,0
37.867209,-122.258583,FAT SLICE,2375 TELEGRAPH AVE,3/20/2012,0,0,0,1,0
37.867667,-122.257862,HOUSE OF CURRIES #2,2520 DURANT AVE,6/19/2012,1,0,0,1,0
37.867728,-122.257391,TOP DOG,2534 DURANT AVE,3/28/2012,0,0,0,0,0
37.867183,-122.258307,BERKELEY THAI HOUSE,2511 CHANNING WY,4/20/2012,1,0,0,0,0
37.8680483,-122.2584759,I.B. HOAGIES,2513 DURANT AVE,2/7/2012,0,0,0,0,0
37.868158,-122.258451,JOHNSTON'S MARKET,2515 DURANT AVE,4/16/2012,0,0,0,0,0
37.868511,-122.258495,CAFE MILANO,2522 BANCROFT WY,6/4/2012,0,0,0,0,0
37.8682991,-122.2591863,SAMER'S MARKET &amp; DELI,2312 TELEGRAPH AVE,5/30/2012,0,0,0,1,0
37.867779,-122.2596621,KIP'S,2439 DURANT AVE,5/31/2012,1,0,0,1,0
37.8679812,-122.2598974,T-TOUST,2433 DURANT AVE,3/28/2012,0,0,0,0,0
37.868237,-122.260698,MUSICAL OFFERING CAFE SHOP,2430 BANCROFT WY,3/20/2012,0,0,0,0,0
37.868502,-122.2601516,SUNRISE DELI,2456 BANCROFT WY,6/7/2012,1,0,0,1,0
37.8672742,-122.2590287,TUTTI FRUTTI BERKELEY,2380 TELEGRAPH AVE,4/16/2012,0,0,0,0,0
37.8664181,-122.2588917,THAI NOODLE II,2426 TELEGRAPH AVE,10/26/2011,0,0,0,0,0
37.8656416,-122.2585722,BAY KING,2468 TELEGRAPH AVE,2/21/2012,0,0,0,0,0
37.86531,-122.258767,LHASA KARNAK,2482 TELEGRAPH AVE,11/15/2011,0,0,0,0,0
37.867865,-122.261857,BERKELEY EMERGENCY FOOD &amp; HOUSING,2362 BANCROFT WY,3/29/2012,0,0,0,0,0
37.8675671,-122.2628004,BERKELEY CITY CLUB,2315 DURANT AVE,3/29/2012,0,0,0,0,0
37.866678,-122.265473,CAMPUS MINI MART,2200 DURANT AVE,3/29/2012,0,0,0,0,0
37.865138,-122.267104,KING DONG RESTAURANT,2429 SHATTUCK AVE,4/9/2012,1,0,0,1,0
37.866584,-122.266214,BUDDHIST CHURCHES OF AMERICA,2140 DURANT AVE,5/3/2012,0,0,0,0,0
37.8660545,-122.2671318,NANAYIRO RESTAURANT,2399 SHATTUCK AVE,6/7/2012,1,0,1,1,0
37.86635,-122.267166,THALLASA,2367 SHATTUCK AVE,6/12/2012,0,0,0,0,0
37.86759,-122.266193,LOONEY'S SMOKEHOUSE,2190 BANCROFT WY,6/14/2011,1,0,0,1,0
37.867084,-122.267344,VENUS RESTAURANT,2327 SHATTUCK AVE,7/26/2012,1,0,0,0,0
37.8506239,-122.278803,CAFE CASA,3136 SACRAMENTO ST,8/4/2011,0,0,0,0,0
37.867123,-122.268251,CVS PHARMACY,2300 SHATTUCK AVE,6/4/2012,0,0,0,0,0
37.865288,-122.26799,GIOVANNI,2420 SHATTUCK AVE,9/20/2011,1,0,0,1,0
37.865014,-122.267947,DOLLAR TREE #3454,2440 SHATTUCK AVE,5/4/2012,0,0,0,0,0
37.8639182,-122.2683513,DETOUR CAFE,2001 DWIGHT WY,5/9/2012,0,0,0,0,0
37.8624409,-122.2808844,LIK LIQUORS,2495 SACRAMENTO ST,1/11/2012,0,0,0,0,0
37.8623559,-122.2814164,BREADS OF INDIA,2448 SACRAMENTO ST,4/2/2012,0,0,0,1,0
37.8642993,-122.2902853,ZAZOU'S CAFE,2309 SAN PABLO AVE,PENDING,-1,-1,-1,-1,-1
37.864497,-122.290302,LO-COST LIQUOR,2301 SAN PABLO AVE,11/18/2011,0,0,0,0,0
37.861323,-122.289261,ANNAHER GROCERY &amp; LIQUORS,2451 SAN PABLO AVE,6/13/2011,0,0,0,0,0
37.861996,-122.293297,JUST-RITE GROCERY,926 CHANNING WY,6/27/2011,0,0,0,0,0
37.86311,-122.296843,CULTURED,800 BANCROFT WY,6/29/2011,0,0,0,0,0
37.8799208,-122.3103424,CALIFORNIA HBPA,1100 EASTSHORE HWY,2/9/2012,0,0,0,0,0
37.8799208,-122.3103424,KAN'S CAFETERIA,1100 EASTSHORE HWY,6/20/2011,0,0,0,0,0
37.8585856,-122.2441783,ANN'S CATERING,2922 DOMINGO AVE,5/22/2012,1,0,0,0,0
37.857071,-122.267396,AURORA SUSHI,2020 OREGON ST,5/4/2012,0,0,0,0,0
37.853335,-122.290127,AURORA SUSHI,920 HEINZ AVE,7/19/2011,0,0,1,0,0
37.8636593,-122.2698367,BERKELEY FARMERS MARKET,0 DWIGHT WY,9/27/2011,0,0,0,0,0
37.8679625,-122.2579367,BERKELEY SUSHI HOUSE,2521-C DURANT AVE,7/10/2012,1,0,0,1,0
37.8698303,-122.300399,BETTE'S OCEANVIEW DINER,1807-A FOURTH ST,6/28/2012,0,0,0,0,0
37.8698303,-122.300399,BETTE'S TO GO,1807 FOURTH ST,6/28/2012,0,0,0,0,0
37.8751374,-122.2600396,CAMILLE,2507 HEARST AVE # C,11/15/2011,0,0,0,1,0
37.8622307,-122.2815411,DIGS BISTRO,1453 DWIGHT WY,PENDING,-1,-1,-1,-1,-1
37.8622307,-122.2815411,DIGS BISTRO LLC,1453 DWIGHT WY,PENDING,-1,-1,-1,-1,-1
37.8600413,-122.2894898,ECOLOGY CENTER CERTIFIED,2530 SAN PABLO AVE,8/20/2011,0,0,0,0,0
37.8661573,-122.2677011,FROZEN CREATIONS,2370 SHATTUCK AVE,4/1/2011,1,0,0,0,0
37.878856,-122.269806,HISSHO SUSHI,1550 SHATTUCK AVE,1/9/2012,0,0,0,0,0
37.8913992,-122.2785472,HISSHO SUSHI,1850 SOLANO AVE,4/19/2012,0,0,0,0,0
37.8654135,-122.2624284,HUGH GROMAN CATERING,2316 HASTE ST,PENDING,-1,-1,-1,-1,-1
37.8601966,-122.2756512,JAPANESE AMERICAN SERVICES,1710 CARLETON ST,5/2/2012,0,0,0,0,0
37.859737,-122.290687,SANDWICH MAN,2530 TENTH ST,7/5/2012,0,0,0,0,0
37.854859,-122.248377,STAR MEATS LLC,3068 CLAREMONT AVE,3/19/2012,1,0,0,0,0
37.8654135,-122.2624284,STELLA NONNA,2316 HASTE ST,PENDING,-1,-1,-1,-1,-1
37.8654135,-122.2624284,TORINO BAKING,2316 HASTE ST,PENDING,-1,-1,-1,-1,-1
37.8723965,-122.2675553,CAMPUS PIZZA,2127 UNIVERSITY AVE,10/6/2011,0,0,0,1,0
37.8670217,-122.2587134,CREAM,2399 TELEGRAPH AVE,5/21/2012,0,0,0,0,0
37.868766,-122.256558,LPC,2600 BANCROFT WAY,6/18/2012,0,0,0,0,0
37.867513,-122.291236,GAUMENKITZEL,2121 SAN PABLO AVE,2/3/2012,0,0,0,0,0
37.8697956,-122.2879211,LA MISSION MEXICAN GRILL,1255 UNIVERSITY AVE,3/20/2012,0,0,0,0,0
37.8679677,-122.2599769,ZANZIBAR COFFEE HOUSE,2431-A DURANT AVE,7/5/2011,1,0,0,1,0
37.8677974,-122.2582954,MANHATTAN ROAST &amp; GRILL,2518-A DURANT AVE,6/5/2012,1,0,0,1,0
37.8668215,-122.2587879,GORDO TAQUERIA #7,2404 TELEGRAPH AVE,6/27/2012,0,0,0,0,0
37.891644,-122.279387,iSCREAM,1819 SOLANO AVE,7/23/2012,0,0,0,0,0
37.8677974,-122.2582954,FA-LA-LA,2518 DURANT AVE #B,6/5/2012,0,0,0,0,0
37.8714197,-122.2682827,PANE QUOTIDIANO  LLC,91 SHATTUCK SQ,7/6/2012,0,0,0,0,0
37.8708839,-122.2773502,PLA 2,1704 UNIVERSITY AVE,10/13/2011,0,0,0,0,0
37.8648684,-122.2987068,THE VEGETARIAN GOURMET,724 ALLSTON WAY,12/13/2011,0,0,0,1,0
37.8648684,-122.2987068,JAMES &amp; THE GIANT CUPCAKE,724 ALLSTON WAY,12/13/2011,0,0,0,1,0
37.8584968,-122.2441772,WINE THIEVES,2926 DOMINGO AVE,5/25/2012,0,0,0,0,0
37.8648684,-122.2987068,HARLEY RICHTER CATERING,724 ALLSTON WAY,12/13/2011,0,0,0,1,0
37.8588489,-122.293476,LA CREPE A MOI,2533 7TH ST,7/9/2012,0,0,0,0,0
37.861573,-122.259289,BACHEESO,2650 TELEGRAPH AVE,4/20/2012,0,0,0,1,0
37.8753416,-122.259972,ZAK'S SNACK,1865 EUCLID AVE #4,12/7/2011,1,0,0,1,0
37.8811565,-122.2820912,MONTEREY MARKET,1550 HOPKINS ST,6/12/2012,0,0,0,1,0
37.8566057,-122.2529864,BEBOP,2975 COLLEGE AVE,7/25/2012,0,0,0,1,0
37.8648317,-122.2985614,ANCIENT ORGANICS,726 ALLSTON WAY,1/9/2012,0,0,0,0,0
37.878026,-122.26869,WALGREENS #13858,1607 SHATTUCK AVE,2/9/2012,0,0,0,0,0
37.8545454,-122.2663881,SMOKEY J,3015 SHATTUCK AVE,1/25/2012,1,1,0,0,0
37.8706458,-122.2682512,CASA BERNAL TAQUERIA,2122 SHATTUCK AVE,4/19/2012,0,0,0,0,0
37.8582508,-122.2890101,FAR LEAVES TEA,2626 SAN PABLO AVE,1/31/2012,0,0,0,0,0
37.8690747,-122.2930617,TAJMAHAL RESTAURANT,1025 UNIVERSITY AVE,PENDING,-1,-1,-1,-1,-1
37.868183,-122.258261,KIMCHI GARDEN,2517 DURANT AVE # B,5/31/2012,1,0,0,1,0
37.8678892,-122.256836,UNCLE DOUGIE'S ITALIAN HEROES,2328 BOWDITCH ST,10/4/2011,1,0,0,1,0
37.8755643,-122.260259,THE PHO BAR,1828 EUCLID AVE,1/25/2012,0,0,0,1,0
37.868149,-122.267399,BEC BAR &amp; BISTRO,2271 SHATTUCK AVE,4/9/2012,0,0,0,1,0
37.863683,-122.258976,KIRAKU,2566 TELEGRAPH AVE B,7/11/2012,0,0,0,1,0
37.8718678,-122.292749,POPEYE'S CHICKEN #8593,1775 SAN PABLO AVE,2/6/2012,0,0,0,0,0
37.871423,-122.268821,PHIL'S SLIDER,2024 SHATTUCK AVE,4/18/2012,0,0,0,0,0
37.8622307,-122.2815411,TA KRAI HOM,1453 DWIGHT WAY,8/30/2011,0,0,0,0,0
37.8719393,-122.2695634,ZAIKA RESTAURANT &amp; BAR,2050 UNIVERSITY AVE,4/23/2012,1,0,0,1,0
37.8690747,-122.2930617,TAJ MAHAL RESTAURANT,1025 UNIVERSITY AVE,3/20/2012,0,0,0,1,0
37.8648684,-122.2987068,YVONNE'S DELIGHTS,724 ALLSTON WAY,12/13/2011,0,0,0,1,0
37.8679677,-122.2599769,SHALIMAR FOOD &amp; CAFE,2431-A DURANT AVE,4/3/2012,1,0,0,1,0
37.854124,-122.2920814,MINT LEAF VIETNAMESE RESTAURANT,2865 7TH ST,6/22/2012,0,0,0,1,0
37.8624554,-122.2588622,SUBWAY #26628,2618 TELEGRAPH AVE,5/17/2012,1,0,0,0,0
37.859609,-122.271999,CITY LEES MARKET,2700 M L KING JR WAY,3/16/2012,0,0,0,0,0
37.8717547,-122.2728575,FRESCO BURRITO,1901 UNIVERSITY AVE,11/21/2011,1,0,1,0,0
37.8691476,-122.2682383,TEA FEVER,2202 SHATTUCK AVE,3/21/2012,0,0,0,1,0
37.8723044,-122.2679265,HIPPIE GYPSY,1797 SHATTUCK AVE A,6/19/2012,0,0,0,0,0
37.8698207,-122.2680024,ALLSTAR CAFE,2172 SHATTUCK AVE,7/9/2012,1,0,0,1,0
37.8687827,-122.2578922,TIVOLI CAFFE,2554 BANCROFT WAY,5/24/2012,1,0,0,1,0
37.86832,-122.297439,STANDARD PETROLEUM #833,833 UNIVERSITY AVE,3/29/2012,0,0,0,1,0
37.8564688,-122.2527587,TROY,2985 COLLEGE AVE,3/20/2012,0,0,0,0,0
37.8705409,-122.2704986,DISTRICT DOGS,2109 MILVIA ST,5/14/2012,1,0,0,1,0
37.8751374,-122.2600396,T C GARDEN,2507 HEARST AVE B,1/18/2012,0,0,1,1,0
37.8642993,-122.2902853,ALFONSO'S CAFE,2309 SAN PABLO AVE,PENDING,-1,-1,-1,-1,-1
37.8487552,-122.2721839,DIAL-A-CHEF,1761 ALCATRAZ AVE,7/17/2012,0,0,0,0,0
37.856116,-122.2532536,A'CUPPA TEA,2992 COLLEGE AVE,7/25/2012,1,0,0,0,0
37.878049,-122.2693273,THE LOCAL BUTCHER SHOP  LLC,1600 SHATTUCK AVE,6/21/2012,0,0,0,0,0
37.858954,-122.259683,ORIGEN RESTAURANT,2826 TELEGRAPH AVE,7/11/2012,0,0,0,0,0
37.8639074,-122.2589732,TUMI PERUVIAN CUISINE,2556 TELEGRAPH AVE,6/25/2012,0,0,0,0,0
37.867237,-122.26727,NAMASTE MADRAS INDIAN CUISINE,2323 SHATTUCK AVE,4/5/2012,0,0,0,0,0
37.8648684,-122.2987068,OKARA,724 ALLSTON WAY,12/13/2011,0,0,0,1,0
37.8621357,-122.2901914,SMOKE BERKELEY,2434 SAN PABLO AVE,3/1/2012,0,0,0,0,0
37.8639182,-122.2683513,ALTA BATES MED CENTER,2001 DWIGHT,1/27/2012,0,0,0,0,0
37.8510763,-122.2526962,PEET'S COFFEE &amp; TEA/COL,3200 COLLEGE AVE,5/30/2012,0,0,0,0,0
37.8581636,-122.2528749,A.G. FERRARI FOODS,2905 COLLEGE AVE,5/15/2012,0,0,0,1,0
37.850004,-122.2705265,DOMINO'S PIZZA,3219 ADELINE ST,7/18/2012,0,0,0,0,0
37.869984,-122.292732,INDUS VILLAGE,1920 SAN PABLO AVE,11/15/2011,0,0,0,1,0
37.8618879,-122.2583266,ANDRONICO'S COMM MARKETS-TEL,2655 TELEGRAPH AVE,1/6/2012,0,0,0,0,0
37.8913992,-122.2785472,ANDRONICO'S COMM MARKETS-SOL,1850 SOLANO AVE,4/19/2012,0,0,0,0,0
37.878856,-122.269806,ANDRONICO'S COMM MARKETS-SHAT,1550 SHATTUCK AVE,1/9/2012,0,0,0,0,0
37.8751374,-122.2600396,CAMILLE'S VIETNAMESE CUISINE,2507-C HEARST AVE,4/24/2012,0,0,0,0,0
37.857071,-122.267396,BERKELEY BOWL SEAFOOD DEPT,2020 OREGON ST,4/5/2012,0,0,0,0,0
37.857071,-122.267396,BERKELEY BOWL MARKET PLACE,2020 OREGON ST,5/4/2012,1,0,0,0,0
37.857071,-122.267396,BERKELEY MEAT DEPT,2020 OREGON ST,PENDING,-1,-1,-1,-1,-1
37.857071,-122.267396,BERKELEY BOWL MEAT DEPT,2020 OREGON ST,5/4/2012,0,0,0,0,0
37.8648684,-122.2987068,NUTRITION SOLUTIONS,724 ALLSTON WAY,PENDING,-1,-1,-1,-1,-1
37.8703096,-122.2672473,GREEN EARTH CAFE &amp; BAKERY,2124 CENTER ST,3/12/2012,1,0,0,1,0
37.8649348,-122.2585733,HAPPY VALLEY CHINESE RESTAURANT,2502 TELEGRAPH AVE,6/13/2012,0,0,0,1,0
37.876676,-122.294231,SLIPPERY FISH,1491 SAN PABLO AVE,PENDING,-1,-1,-1,-1,-1
37.853335,-122.290127,BERKELEY BOWL WEST #1-FOOD MKT,920 HEINZ AVE,5/31/2012,0,0,0,0,0
37.853335,-122.290127,BERKELEY BOWL WEST #3-SEAFOOD,920 HEINZ AVE,5/31/2012,0,0,0,0,0
37.853335,-122.290127,BERKELEY BOWL WEST #4-MEAT MKT,920 HEINZ AVE,5/31/2012,0,0,0,1,0
37.853335,-122.290127,BERKELEY BOWL WEST #5-REST,920 HEINZ AVE,5/31/2012,0,0,1,1,0
37.853335,-122.290127,BERKELEY BOWL WEST #6-MEZZ KITCHEN,920 HEINZ AVE,5/31/2012,0,0,0,1,0
37.8712798,-122.2677653,SAIGON EXPRESS,2045 SHATTUCK AVE,7/9/2012,0,0,0,1,0
37.8702981,-122.2840615,DIVINO LLC,1401 UNIVERSITY AVE,PENDING,-1,-1,-1,-1,-1
37.8639182,-122.2683513,ALTA BATES MEDICAL CTR FOOD SERV,2001 DWIGHT WAY,PENDING,-1,-1,-1,-1,-1
37.8557241,-122.257135,ALTA BATES MEDICAL CTR FOOD SERV,2450 ASHBY AVE,PENDING,-1,-1,-1,-1,-1
37.8712872,-122.2675193,HOT CUP,2107 ADDISON ST,3/6/2012,0,0,0,1,0
37.8674341,-122.2588098,PAPPY'S GRILL &amp; SPORTS BAR,2367 TELEGRAPH AVE,PENDING,-1,-1,-1,-1,-1
37.8716208,-122.2715384,BRASA,1960 UNIVERSITY AVE,6/19/2012,0,0,0,0,0
37.853335,-122.290127,B-DAMA,920 HEINZ AVE,5/31/2012,1,0,0,0,0
37.8513995,-122.2880905,FIST OF FLOUR PIZZA CO.,1030 MURRAY ST,PENDING,-1,-1,-1,-1,-1
37.8723965,-122.2675553,DOMINO'S PIZZA,2127 UNIVERSITY AVE,3/29/2012,0,0,0,1,0
37.857175,-122.2537561,CASA DE CHOCOLATES,2629 ASHBY AVE,4/25/2012,0,0,0,0,0
37.85131,-122.2903781,SPOON,933 ASHBY AVE,PENDING,-1,-1,-1,-1,-1
37.8681653,-122.2697381,CAFE CLEM,2020 KITTREDGE ST,5/30/2012,1,0,0,0,0
37.872584,-122.267444,CREPES OOH LA LA,2125 UNIVERSITY AVE,4/18/2012,0,0,0,0,0
37.8715926,-122.272747,LIVE OAK CENTER,1301 SHATTUCK AVE REC,PENDING,-1,-1,-1,-1,-1
37.8715926,-122.272747,FRANCES M. ALBRIER COMMUNITY CENTER,2800 PARK ST REC,PENDING,-1,-1,-1,-1,-1
37.8711697,-122.2677138,COMAL,2018-20 SHATTUCK AVE,PENDING,-1,-1,-1,-1,-1
37.8694368,-122.2671031,THE MARSH A BREEDING GROUND FOR NEW PERFORMANCE,2120 ALLSTON WAY,PENDING,-1,-1,-1,-1,-1
37.868411,-122.2590116,THE TOASTER OVEN,2309 TELEGRAPH AVE,5/29/2012,0,0,0,0,0
37.857071,-122.267396,GETA,2020 OREGON ST,7/18/2012,1,0,0,0,0
37.8767936,-122.2690095,CHA-YA RESTAURANT,1688 SHATTUCK AVE,PENDING,-1,-1,-1,-1,-1
37.8679677,-122.2599769,PLANET KABOB CAFE,2431-A DURANT AVE,PENDING,-1,-1,-1,-1,-1
37.8694804,-122.2901685,EAT @ THAI,1181 UNIVERSITY AVE,PENDING,-1,-1,-1,-1,-1
37.868586,-122.292374,LEE WAH RESTAURANT,2026 SAN PABLO AVE,PENDING,-1,-1,-1,-1,-1
37.8703723,-122.2666582,CRUNCH,2144 CENTER ST,PENDING,-1,-1,-1,-1,-1
37.864326,-122.2588817,TELEGRAPH MARKET/DELI,2552 TELEGRAPH AVE,PENDING,-1,-1,-1,-1,-1
37.866743,-122.258265,THE HAPPY HIGH HERB SHOP,2508 CHANNING WAY,PENDING,-1,-1,-1,-1,-1
37.8677974,-122.2582954,SOURLAKI GREEK TRAD'L FOOD,2518 DURANT AVE #B,PENDING,-1,-1,-1,-1,-1
37.8703432,-122.2658798,PHALANGES LLC DBA SUYA,2130 OXFORD ST,PENDING,-1,-1,-1,-1,-1
37.868264,-122.2919461,CAFE V,2056 SAN PABLO AVE,PENDING,-1,-1,-1,-1,-1
37.8807428,-122.2959698,DOLLAR TREE,1284 SAN PABLO AVE,PENDING,-1,-1,-1,-1,-1
37.8639074,-122.2589732,ARRIBA PERU,2556 TELEGRAPH AVE 14,PENDING,-1,-1,-1,-1,-1
37.8719582,-122.268859,ASHA TEA HOUSE,2086 UNIVERSITY AVE,PENDING,-1,-1,-1,-1,-1
37.8667159,-122.253746,UNIVERSITY LUTHERAN CHAPEL OF BERKELEY,2425 COLLEGE AVE,PENDING,-1,-1,-1,-1,-1
37.8648684,-122.2987068,BUENO EATS,724 ALLSTON WAY,PENDING,-1,-1,-1,-1,-1
37.8670846,-122.2587409,TURKISH KITCHEN,2395 TELEGRAPH AVE,PENDING,-1,-1,-1,-1,-1
